
> new-folder-(7)@1.0.0 start
> electron .


[electron] loaded data:text/html;charset=utf-8,%3C!doctype%20html%3E%0A%20%20%3Chtml%3E%0A%20%20%20%20%3Chead%3E%0A%20%20%20%20%20%20%3Cmeta%20charset%3D%22utf-8%22%3E%0A%20%20%20%20%20%20%3Cmeta%20name%3D%22viewport%22%20content%3D%22width%3Ddevice-width%2C%20initial-scale%3D1%22%3E%0A%20%20%20%20%20%20%3Ctitle%3ELoading%3C%2Ftitle%3E%0A%20%20%20%20%20%20%3Cstyle%3E%0A%20%20%20%20%20%20%20%20%3Aroot%20%7B%0A%20%20%20%20%20%20%20%20%20%20color-scheme%3A%20dark%3B%0A%20%20%20%20%20%20%20%20%20%20--bg-1%3A%20%23070b14%3B%0A%20%20%20%20%20%20%20%20%20%20--bg-2%3A%20%23101c2b%3B%0A%20%20%20%20%20%20%20%20%20%20--panel%3A%20rgba(10%2C%2018%2C%2031%2C%200.82)%3B%0A%20%20%20%20%20%20%20%20%20%20--gold%3A%20%23c8aa6e%3B%0A%20%20%20%20%20%20%20%20%20%20--text%3A%20%23f0e6d2%3B%0A%20%20%20%20%20%20%20%20%20%20--muted%3A%20rgba(240%2C%20230%2C%20210%2C%200.72)%3B%0A%20%20%20%20%20%20%20%20%7D%0A%0A%20%20%20%20%20%20%20%20*%20%7B%20box-sizing%3A%20border-box%3B%20%7D%0A%0A%20%20%20%20%20%20%20%20body%20%7B%0A%20%20%20%20%20%20%20%20%20%20margin%3A%200%3B%0A%20%20%20%20%20%20%20%20%20%20min-height%3A%20100vh%3B%0A%20%20%20%20%20%20%20%20%20%20display%3A%20grid%3B%0A%20%20%20%20%20%20%20%20%20%20place-items%3A%20center%3B%0A%20%20%20%20%20%20%20%20%20%20overflow%3A%20hidden%3B%0A%20%20%20%20%20%20%20%20%20%20font-family%3A%20%22Segoe%20UI%22%2C%20Tahoma%2C%20Geneva%2C%20Verdana%2C%20sans-serif%3B%0A%20%20%20%20%20%20%20%20%20%20color%3A%20var(--text)%3B%0A%20%20%20%20%20%20%20%20%20%20background%3A%0A%20%20%20%20%20%20%20%20%20%20%20%20radial-gradient(circle%20at%20top%2C%20rgba(200%2C%20170%2C%20110%2C%200.18)%2C%20transparent%2032%25)%2C%0A%20%20%20%20%20%20%20%20%20%20%20%20linear-gradient(145deg%2C%20var(--bg-1)%2C%20var(--bg-2))%3B%0A%20%20%20%20%20%20%20%20%7D%0A%0A%20%20%20%20%20%20%20%20body%3A%3Abefore%2C%0A%20%20%20%20%20%20%20%20body%3A%3Aafter%20%7B%0A%20%20%20%20%20%20%20%20%20%20content%3A%20%22%22%3B%0A%20%20%20%20%20%20%20%20%20%20position%3A%20fixed%3B%0A%20%20%20%20%20%20%20%20%20%20inset%3A%20auto%3B%0A%20%20%20%20%20%20%20%20%20%20width%3A%2042vmax%3B%0A%20%20%20%20%20%20%20%20%20%20height%3A%2042vmax%3B%0A%20%20%20%20%20%20%20%20%20%20border-radius%3A%2050%25%3B%0A%20%20%20%20%20%20%20%20%20%20filter%3A%20blur(60px)%3B%0A%20%20%20%20%20%20%20%20%20%20opacity%3A%200.22%3B%0A%20%20%20%20%20%20%20%20%20%20pointer-events%3A%20none%3B%0A%20%20%20%20%20%20%20%20%7D%0A%0A%20%20%20%20%20%20%20%20body%3A%3Abefore%20%7B%0A%20%20%20%20%20%20%20%20%20%20top%3A%20-12vmax%3B%0A%20%20%20%20%20%20%20%20%20%20right%3A%20-10vmax%3B%0A%20%20%20%20%20%20%20%20%20%20background%3A%20rgba(200%2C%20170%2C%20110%2C%200.35)%3B%0A%20%20%20%20%20%20%20%20%7D%0A%0A%20%20%20%20%20%20%20%20body%3A%3Aafter%20%7B%0A%20%20%20%20%20%20%20%20%20%20left%3A%20-16vmax%3B%0A%20%20%20%20%20%20%20%20%20%20bottom%3A%20-16vmax%3B%0A%20%20%20%20%20%20%20%20%20%20background%3A%20rgba(12%2C%2090%2C%20148%2C%200.32)%3B%0A%20%20%20%20%20%20%20%20%7D%0A%0A%20%20%20%20%20%20%20%20.panel%20%7B%0A%20%20%20%20%20%20%20%20%20%20width%3A%20min(440px%2C%20calc(100vw%20-%2048px))%3B%0A%20%20%20%20%20%20%20%20%20%20padding%3A%2034px%2030px%3B%0A%20%20%20%20%20%20%20%20%20%20border%3A%201px%20solid%20rgba(200%2C%20170%2C%20110%2C%200.28)%3B%0A%20%20%20%20%20%20%20%20%20%20background%3A%20var(--panel)%3B%0A%20%20%20%20%20%20%20%20%20%20box-shadow%3A%200%2028px%2080px%20rgba(0%2C%200%2C%200%2C%200.45)%3B%0A%20%20%20%20%20%20%20%20%20%20backdrop-filter%3A%20blur(16px)%3B%0A%20%20%20%20%20%20%20%20%7D%0A%0A%20%20%20%20%20%20%20%20.crest%20%7B%0A%20%20%20%20%20%20%20%20%20%20width%3A%2054px%3B%0A%20%20%20%20%20%20%20%20%20%20height%3A%2054px%3B%0A%20%20%20%20%20%20%20%20%20%20margin-bottom%3A%2022px%3B%0A%20%20%20%20%20%20%20%20%20%20border%3A%202px%20solid%20rgba(200%2C%20170%2C%20110%2C%200.72)%3B%0A%20%20%20%20%20%20%20%20%20%20transform%3A%20rotate(45deg)%3B%0A%20%20%20%20%20%20%20%20%20%20position%3A%20relative%3B%0A%20%20%20%20%20%20%20%20%7D%0A%0A%20%20%20%20%20%20%20%20.crest%3A%3Abefore%2C%0A%20%20%20%20%20%20%20%20.crest%3A%3Aafter%20%7B%0A%20%20%20%20%20%20%20%20%20%20content%3A%20%22%22%3B%0A%20%20%20%20%20%20%20%20%20%20position%3A%20absolute%3B%0A%20%20%20%20%20%20%20%20%20%20inset%3A%209px%3B%0A%20%20%20%20%20%20%20%20%20%20border%3A%201px%20solid%20rgba(200%2C%20170%2C%20110%2C%200.42)%3B%0A%20%20%20%20%20%20%20%20%7D%0A%0A%20%20%20%20%20%20%20%20h1%20%7B%0A%20%20%20%20%20%20%20%20%20%20margin%3A%200%200%2010px%3B%0A%20%20%20%20%20%20%20%20%20%20font-size%3A%2028px%3B%0A%20%20%20%20%20%20%20%20%20%20font-weight%3A%20600%3B%0A%20%20%20%20%20%20%20%20%20%20letter-spacing%3A%200.04em%3B%0A%20%20%20%20%20%20%20%20%7D%0A%0A%20%20%20%20%20%20%20%20p%20%7B%0A%20%20%20%20%20%20%20%20%20%20margin%3A%200%3B%0A%20%20%20%20%20%20%20%20%20%20color%3A%20var(--muted)%3B%0A%20%20%20%20%20%20%20%20%20%20font-size%3A%2014px%3B%0A%20%20%20%20%20%20%20%20%20%20line-height%3A%201.55%3B%0A%20%20%20%20%20%20%20%20%7D%0A%0A%20%20%20%20%20%20%20%20.bar%20%7B%0A%20%20%20%20%20%20%20%20%20%20margin-top%3A%2024px%3B%0A%20%20%20%20%20%20%20%20%20%20height%3A%203px%3B%0A%20%20%20%20%20%20%20%20%20%20background%3A%20rgba(255%2C%20255%2C%20255%2C%200.08)%3B%0A%20%20%20%20%20%20%20%20%20%20overflow%3A%20hidden%3B%0A%20%20%20%20%20%20%20%20%20%20position%3A%20relative%3B%0A%20%20%20%20%20%20%20%20%7D%0A%0A%20%20%20%20%20%20%20%20.bar%3A%3Aafter%20%7B%0A%20%20%20%20%20%20%20%20%20%20content%3A%20%22%22%3B%0A%20%20%20%20%20%20%20%20%20%20position%3A%20absolute%3B%0A%20%20%20%20%20%20%20%20%20%20inset%3A%200%3B%0A%20%20%20%20%20%20%20%20%20%20background%3A%20linear-gradient(90deg%2C%20transparent%2C%20var(--gold)%2C%20transparent)%3B%0A%20%20%20%20%20%20%20%20%20%20transform%3A%20translateX(-100%25)%3B%0A%20%20%20%20%20%20%20%20%20%20animation%3A%20sweep%201.35s%20ease-in-out%20infinite%3B%0A%20%20%20%20%20%20%20%20%7D%0A%0A%20%20%20%20%20%20%20%20%40keyframes%20sweep%20%7B%0A%20%20%20%20%20%20%20%20%20%20to%20%7B%20transform%3A%20translateX(100%25)%3B%20%7D%0A%20%20%20%20%20%20%20%20%7D%0A%20%20%20%20%20%20%3C%2Fstyle%3E%0A%20%20%20%20%3C%2Fhead%3E%0A%20%20%20%20%3Cbody%3E%0A%20%20%20%20%20%20%3Cmain%20class%3D%22panel%22%3E%0A%20%20%20%20%20%20%20%20%3Cdiv%20class%3D%22crest%22%20aria-hidden%3D%22true%22%3E%3C%2Fdiv%3E%0A%20%20%20%20%20%20%20%20%3Ch1%3ELeague%20Electron%20Client%3C%2Fh1%3E%0A%20%20%20%20%20%20%20%20%3Cp%3EChecking%20whether%20League%20is%20already%20running.%3C%2Fp%3E%0A%20%20%20%20%20%20%20%20%3Cdiv%20class%3D%22bar%22%20aria-hidden%3D%22true%22%3E%3C%2Fdiv%3E%0A%20%20%20%20%20%20%3C%2Fmain%3E%0A%20%20%20%20%3C%2Fbody%3E%0A%20%20%3C%2Fhtml%3E
[electron] loaded data:text/html;charset=utf-8,%3C!doctype%20html%3E%0A%20%20%3Chtml%3E%0A%20%20%20%20%3Chead%3E%0A%20%20%20%20%20%20%3Cmeta%20charset%3D%22utf-8%22%3E%0A%20%20%20%20%20%20%3Cmeta%20name%3D%22viewport%22%20content%3D%22width%3Ddevice-width%2C%20initial-scale%3D1%22%3E%0A%20%20%20%20%20%20%3Ctitle%3ELoading%3C%2Ftitle%3E%0A%20%20%20%20%20%20%3Cstyle%3E%0A%20%20%20%20%20%20%20%20%3Aroot%20%7B%0A%20%20%20%20%20%20%20%20%20%20color-scheme%3A%20dark%3B%0A%20%20%20%20%20%20%20%20%20%20--bg-1%3A%20%23070b14%3B%0A%20%20%20%20%20%20%20%20%20%20--bg-2%3A%20%23101c2b%3B%0A%20%20%20%20%20%20%20%20%20%20--panel%3A%20rgba(10%2C%2018%2C%2031%2C%200.82)%3B%0A%20%20%20%20%20%20%20%20%20%20--gold%3A%20%23c8aa6e%3B%0A%20%20%20%20%20%20%20%20%20%20--text%3A%20%23f0e6d2%3B%0A%20%20%20%20%20%20%20%20%20%20--muted%3A%20rgba(240%2C%20230%2C%20210%2C%200.72)%3B%0A%20%20%20%20%20%20%20%20%7D%0A%0A%20%20%20%20%20%20%20%20*%20%7B%20box-sizing%3A%20border-box%3B%20%7D%0A%0A%20%20%20%20%20%20%20%20body%20%7B%0A%20%20%20%20%20%20%20%20%20%20margin%3A%200%3B%0A%20%20%20%20%20%20%20%20%20%20min-height%3A%20100vh%3B%0A%20%20%20%20%20%20%20%20%20%20display%3A%20grid%3B%0A%20%20%20%20%20%20%20%20%20%20place-items%3A%20center%3B%0A%20%20%20%20%20%20%20%20%20%20overflow%3A%20hidden%3B%0A%20%20%20%20%20%20%20%20%20%20font-family%3A%20%22Segoe%20UI%22%2C%20Tahoma%2C%20Geneva%2C%20Verdana%2C%20sans-serif%3B%0A%20%20%20%20%20%20%20%20%20%20color%3A%20var(--text)%3B%0A%20%20%20%20%20%20%20%20%20%20background%3A%0A%20%20%20%20%20%20%20%20%20%20%20%20radial-gradient(circle%20at%20top%2C%20rgba(200%2C%20170%2C%20110%2C%200.18)%2C%20transparent%2032%25)%2C%0A%20%20%20%20%20%20%20%20%20%20%20%20linear-gradient(145deg%2C%20var(--bg-1)%2C%20var(--bg-2))%3B%0A%20%20%20%20%20%20%20%20%7D%0A%0A%20%20%20%20%20%20%20%20body%3A%3Abefore%2C%0A%20%20%20%20%20%20%20%20body%3A%3Aafter%20%7B%0A%20%20%20%20%20%20%20%20%20%20content%3A%20%22%22%3B%0A%20%20%20%20%20%20%20%20%20%20position%3A%20fixed%3B%0A%20%20%20%20%20%20%20%20%20%20inset%3A%20auto%3B%0A%20%20%20%20%20%20%20%20%20%20width%3A%2042vmax%3B%0A%20%20%20%20%20%20%20%20%20%20height%3A%2042vmax%3B%0A%20%20%20%20%20%20%20%20%20%20border-radius%3A%2050%25%3B%0A%20%20%20%20%20%20%20%20%20%20filter%3A%20blur(60px)%3B%0A%20%20%20%20%20%20%20%20%20%20opacity%3A%200.22%3B%0A%20%20%20%20%20%20%20%20%20%20pointer-events%3A%20none%3B%0A%20%20%20%20%20%20%20%20%7D%0A%0A%20%20%20%20%20%20%20%20body%3A%3Abefore%20%7B%0A%20%20%20%20%20%20%20%20%20%20top%3A%20-12vmax%3B%0A%20%20%20%20%20%20%20%20%20%20right%3A%20-10vmax%3B%0A%20%20%20%20%20%20%20%20%20%20background%3A%20rgba(200%2C%20170%2C%20110%2C%200.35)%3B%0A%20%20%20%20%20%20%20%20%7D%0A%0A%20%20%20%20%20%20%20%20body%3A%3Aafter%20%7B%0A%20%20%20%20%20%20%20%20%20%20left%3A%20-16vmax%3B%0A%20%20%20%20%20%20%20%20%20%20bottom%3A%20-16vmax%3B%0A%20%20%20%20%20%20%20%20%20%20background%3A%20rgba(12%2C%2090%2C%20148%2C%200.32)%3B%0A%20%20%20%20%20%20%20%20%7D%0A%0A%20%20%20%20%20%20%20%20.panel%20%7B%0A%20%20%20%20%20%20%20%20%20%20width%3A%20min(440px%2C%20calc(100vw%20-%2048px))%3B%0A%20%20%20%20%20%20%20%20%20%20padding%3A%2034px%2030px%3B%0A%20%20%20%20%20%20%20%20%20%20border%3A%201px%20solid%20rgba(200%2C%20170%2C%20110%2C%200.28)%3B%0A%20%20%20%20%20%20%20%20%20%20background%3A%20var(--panel)%3B%0A%20%20%20%20%20%20%20%20%20%20box-shadow%3A%200%2028px%2080px%20rgba(0%2C%200%2C%200%2C%200.45)%3B%0A%20%20%20%20%20%20%20%20%20%20backdrop-filter%3A%20blur(16px)%3B%0A%20%20%20%20%20%20%20%20%7D%0A%0A%20%20%20%20%20%20%20%20.crest%20%7B%0A%20%20%20%20%20%20%20%20%20%20width%3A%2054px%3B%0A%20%20%20%20%20%20%20%20%20%20height%3A%2054px%3B%0A%20%20%20%20%20%20%20%20%20%20margin-bottom%3A%2022px%3B%0A%20%20%20%20%20%20%20%20%20%20border%3A%202px%20solid%20rgba(200%2C%20170%2C%20110%2C%200.72)%3B%0A%20%20%20%20%20%20%20%20%20%20transform%3A%20rotate(45deg)%3B%0A%20%20%20%20%20%20%20%20%20%20position%3A%20relative%3B%0A%20%20%20%20%20%20%20%20%7D%0A%0A%20%20%20%20%20%20%20%20.crest%3A%3Abefore%2C%0A%20%20%20%20%20%20%20%20.crest%3A%3Aafter%20%7B%0A%20%20%20%20%20%20%20%20%20%20content%3A%20%22%22%3B%0A%20%20%20%20%20%20%20%20%20%20position%3A%20absolute%3B%0A%20%20%20%20%20%20%20%20%20%20inset%3A%209px%3B%0A%20%20%20%20%20%20%20%20%20%20border%3A%201px%20solid%20rgba(200%2C%20170%2C%20110%2C%200.42)%3B%0A%20%20%20%20%20%20%20%20%7D%0A%0A%20%20%20%20%20%20%20%20h1%20%7B%0A%20%20%20%20%20%20%20%20%20%20margin%3A%200%200%2010px%3B%0A%20%20%20%20%20%20%20%20%20%20font-size%3A%2028px%3B%0A%20%20%20%20%20%20%20%20%20%20font-weight%3A%20600%3B%0A%20%20%20%20%20%20%20%20%20%20letter-spacing%3A%200.04em%3B%0A%20%20%20%20%20%20%20%20%7D%0A%0A%20%20%20%20%20%20%20%20p%20%7B%0A%20%20%20%20%20%20%20%20%20%20margin%3A%200%3B%0A%20%20%20%20%20%20%20%20%20%20color%3A%20var(--muted)%3B%0A%20%20%20%20%20%20%20%20%20%20font-size%3A%2014px%3B%0A%20%20%20%20%20%20%20%20%20%20line-height%3A%201.55%3B%0A%20%20%20%20%20%20%20%20%7D%0A%0A%20%20%20%20%20%20%20%20.bar%20%7B%0A%20%20%20%20%20%20%20%20%20%20margin-top%3A%2024px%3B%0A%20%20%20%20%20%20%20%20%20%20height%3A%203px%3B%0A%20%20%20%20%20%20%20%20%20%20background%3A%20rgba(255%2C%20255%2C%20255%2C%200.08)%3B%0A%20%20%20%20%20%20%20%20%20%20overflow%3A%20hidden%3B%0A%20%20%20%20%20%20%20%20%20%20position%3A%20relative%3B%0A%20%20%20%20%20%20%20%20%7D%0A%0A%20%20%20%20%20%20%20%20.bar%3A%3Aafter%20%7B%0A%20%20%20%20%20%20%20%20%20%20content%3A%20%22%22%3B%0A%20%20%20%20%20%20%20%20%20%20position%3A%20absolute%3B%0A%20%20%20%20%20%20%20%20%20%20inset%3A%200%3B%0A%20%20%20%20%20%20%20%20%20%20background%3A%20linear-gradient(90deg%2C%20transparent%2C%20var(--gold)%2C%20transparent)%3B%0A%20%20%20%20%20%20%20%20%20%20transform%3A%20translateX(-100%25)%3B%0A%20%20%20%20%20%20%20%20%20%20animation%3A%20sweep%201.35s%20ease-in-out%20infinite%3B%0A%20%20%20%20%20%20%20%20%7D%0A%0A%20%20%20%20%20%20%20%20%40keyframes%20sweep%20%7B%0A%20%20%20%20%20%20%20%20%20%20to%20%7B%20transform%3A%20translateX(100%25)%3B%20%7D%0A%20%20%20%20%20%20%20%20%7D%0A%20%20%20%20%20%20%3C%2Fstyle%3E%0A%20%20%20%20%3C%2Fhead%3E%0A%20%20%20%20%3Cbody%3E%0A%20%20%20%20%20%20%3Cmain%20class%3D%22panel%22%3E%0A%20%20%20%20%20%20%20%20%3Cdiv%20class%3D%22crest%22%20aria-hidden%3D%22true%22%3E%3C%2Fdiv%3E%0A%20%20%20%20%20%20%20%20%3Ch1%3ELeague%20Electron%20Client%3C%2Fh1%3E%0A%20%20%20%20%20%20%20%20%3Cp%3ELeague%20was%20started%20for%20you.%20Finalizing%20the%20local%20bridge%20and%20switching%20over%20as%20soon%20as%20it%20is%20ready.%3C%2Fp%3E%0A%20%20%20%20%20%20%20%20%3Cdiv%20class%3D%22bar%22%20aria-hidden%3D%22true%22%3E%3C%2Fdiv%3E%0A%20%20%20%20%20%20%3C%2Fmain%3E%0A%20%20%20%20%3C%2Fbody%3E%0A%20%20%3C%2Fhtml%3E
[bridge] http://127.0.0.1:59661/index.html
[league] /bootstrap.html: 404 {"errorCode":"RESOURCE_NOT_FOUND","httpStatus":404,"message":"Invalid function"}
[league] /index.html: 404 {"errorCode":"RESOURCE_NOT_FOUND","httpStatus":404,"message":"Invalid function"}
[league] /plugin-manager/v1/status: 200 {"state":"PluginsInitialized"}
[league] Loading bridge for https://127.0.0.1:59605/bootstrap.html
[bridge] websocket open
[bridge] websocket <= [0,"b8a39a55",1,"WAMP-1.0-RiotRemoting"]
[renderer:1] WebSocket event: OPEN (http://127.0.0.1:59661/fe/plugin-runner/rcp-fe-plugin-runner.js?t=1779656031494:1)
[bridge] websocket => [5,"OnJsonApiEvent"]
[electron] loaded http://127.0.0.1:59661/index.html
[bridge] websocket <= [8,"OnJsonApiEvent",{"data":{"currentPoints":0,"maxRolls":2,"numberOfRolls":0,"pointsCostToRoll":250,"pointsToReroll":250},"eventType":"Update","uri":"/lol-summoner/v1/current-summoner/rerollPoints"}]
[bridge] websocket <= [8,"OnJsonApiEvent",{"data":[{"autoFillEligible":true,"autoFillProtectedForPromos":false,"autoFillProtectedForRemedy":false,"autoFillProtectedForStreaking":false,"overridePositionSelectionsWithFill":f
[bridge] websocket <= [8,"OnJsonApiEvent",{"data":true,"eventType":"Update","uri":"/lol-summoner/v1/summoner-requests-ready"}]
[bridge] websocket <= [8,"OnJsonApiEvent",{"data":{"ready":true},"eventType":"Update","uri":"/lol-summoner/v1/status"}]
[bridge] websocket <= [8,"OnJsonApiEvent",{"data":{"accountId":2046794905170656,"displayName":"","gameName":"Elektroney","internalName":"","nameChangeFlag":false,"percentCompleteForNextLevel":94,"privacy":"PUBLIC","profile
[bridge] websocket <= [8,"OnJsonApiEvent",{"data":{"accountId":0,"availability":"chat","discordId":null,"discordOnlineStatus":null,"gameName":"","gameTag":"","icon":-1,"id":"0","legendaryMasteryScore":781,"lol":{"championI
[bridge] websocket <= [8,"OnJsonApiEvent",{"data":{"accountId":0,"availability":"chat","discordId":null,"discordOnlineStatus":null,"gameName":"","gameTag":"","icon":-1,"id":"0","legendaryMasteryScore":781,"lol":{"championI
[bridge] websocket <= [8,"OnJsonApiEvent",{"data":{"accountId":0,"availability":"chat","discordId":null,"discordOnlineStatus":null,"gameName":"","gameTag":"","icon":-1,"id":"0","legendaryMasteryScore":0,"lol":{"championId"
[bridge] websocket <= [8,"OnJsonApiEvent",{"data":{"requestId":0,"state":"HideAll"},"eventType":"Update","uri":"/riotclient/ux-state/request"}]
[bridge] websocket <= [8,"OnJsonApiEvent",{"data":{"requestId":1,"state":"Quit"},"eventType":"Update","uri":"/riotclient/ux-state/request"}]
[renderer:1]         rcp-fe-common-libs| constants completed in 55ms (http://127.0.0.1:59661/fe/common-libs/rcp-fe-common-libs.js?t=1779656031494:1)
[renderer:1]         rcp-fe-common-libs| Non-GDS environment, continuing startup without GDS check (http://127.0.0.1:59661/fe/common-libs/rcp-fe-common-libs.js?t=1779656031494:1)
[bridge] websocket <= [8,"OnJsonApiEvent",{"data":{"availability":"chat","gameName":"Elektroney","gameTag":"Eight","icon":6793,"id":"0","lastSeenOnlineTimestamp":null,"lol":{"championId":"","gameQueueType":"","gameStatus":
[bridge] websocket <= [8,"OnJsonApiEvent",{"data":{"accountId":2046794905170656,"availability":"chat","discordId":null,"discordOnlineStatus":null,"gameName":"Elektroney","gameTag":"Eight","icon":6793,"id":"0","legendaryMas
[bridge] websocket <= [8,"OnJsonApiEvent",{"data":{"bounceDockIconEnabled":true,"chat-status-message":"","chatFilterDisabled":true,"chatGBG":false,"chatGroupDiscord":false,"chatGroupMobile":false,"chatGroupOffline":false,"
[bridge] websocket <= [8,"OnJsonApiEvent",{"data":{"isEnabledFoundation":true,"isEnabledUX":false,"pollRateMs":2000},"eventType":"Create","uri":"/lol-client-config/v3/client-config/lol.client_settings.errormonitor"}]
[bridge] websocket <= [8,"OnJsonApiEvent",{"data":{"displayMetadata":{"purchaseRule":"NON_EXCLUSIVE","typeId":false},"endTime":"2026-06-10T18:00:00.000+00:00","giftRule":"GIFTABLE","id":"78caa2ef-c43c-4f53-817a-8a6384bee25
[bridge] websocket <= [8,"OnJsonApiEvent",{"data":[{"bannerBackgroundParallax":"","bannerBackgroundTexture":"/lol-game-data/assets/ASSETS/Characters/MasterYi/Skins/Skin116/Images/masteryi_splash_uncentered_116.SKINS_Master
[bridge] websocket <= [8,"OnJsonApiEvent",{"data":{"collapsed":false,"id":0,"isLocalized":false,"isMetaGroup":false,"name":"**Default","priority":1},"eventType":"Create","uri":"/lol-chat/v1/friend-groups/0"}]
[bridge] websocket <= [8,"OnJsonApiEvent",{"data":true,"eventType":"Update","uri":"/lol-activity-center/v1/ready"}]
[bridge] websocket <= [8,"OnJsonApiEvent",{"data":{"id":"143c2ab2-0be0-48ef-8c71-be11ea0025bf","itemId":null,"loadout":{"BANNER_FLAG":{"contentId":"","data":{"flag":"{\"level\":\"1\",\"theme\":\"Shurima\"}","frame":"{\"lev
[bridge] websocket <= [8,"OnJsonApiEvent",{"data":[{"id":"143c2ab2-0be0-48ef-8c71-be11ea0025bf","itemId":null,"loadout":{"BANNER_FLAG":{"contentId":"","data":{"flag":"{\"level\":\"1\",\"theme\":\"Shurima\"}","frame":"{\"le
[bridge] websocket <= [8,"OnJsonApiEvent",{"data":true,"eventType":"Update","uri":"/lol-loadouts/v1/loadouts-ready"}]
[bridge] websocket <= [8,"OnJsonApiEvent",{"data":[{"availability":"offline","discordId":null,"discordInfo":null,"discordOnlineStatus":null,"displayGroupId":0,"displayGroupName":"","gameName":"BauloParradas","gameTag":"GDP
[bridge] websocket <= [8,"OnJsonApiEvent",{"data":{"numFriends":110,"numFriendsAvailable":2,"numFriendsAway":1,"numFriendsInChampSelect":1,"numFriendsInGame":2,"numFriendsInQueue":1,"numFriendsMobile":4,"numFriendsOnline":
[bridge] websocket <= [8,"OnJsonApiEvent",{"data":[{"expirationDate":"","f2p":false,"inventoryType":"CHAMPION","itemId":1,"loyalty":false,"loyaltySources":[],"owned":true,"ownershipType":"OWNED","payload":{},"purchaseDate"
[bridge] websocket <= [8,"OnJsonApiEvent",{"data":{"applicationID":"e06d618d-9bdb-4b63-82b8-d63668d7c10a","clientToken":"pubda441355b2aff912c7667ef9e23467a6","defaultPrivacyLevel":"mask","enablePrivacyForActionName":false,
[renderer:1]         rcp-fe-common-libs| [Datadog RUM] No session found; user may not be sampled - session.sample_rate=0.5% (http://127.0.0.1:59661/fe/common-libs/rcp-fe-common-libs.js?t=1779656031494:1)
[renderer:1]         rcp-fe-common-libs| [Datadog RUM] Initialization resolved after 597ms (http://127.0.0.1:59661/fe/common-libs/rcp-fe-common-libs.js?t=1779656031494:1)
[bridge] websocket <= [8,"OnJsonApiEvent",{"data":{"aTierRewards":{"fallbackDrops":[{"bundleParentNodeId":"","bundledCurrencyNodeIds":[],"isChaseItem":false,"itemInstanceId":"8ce03930-7079-5e3f-a49b-d4721b00dbb3","nodeId":
[bridge] websocket <= [8,"OnJsonApiEvent",{"data":[{"expirationDate":"","f2p":true,"inventoryType":"TFT_MAP_SKIN","itemId":1,"loyalty":false,"loyaltySources":[],"owned":false,"ownershipType":"F2P","payload":null,"purchaseD
[bridge] websocket <= [8,"OnJsonApiEvent",{"data":[],"eventType":"Create","uri":"/lol-inventory/v2/inventory/BOOST"}]
[bridge] websocket <= [8,"OnJsonApiEvent",{"data":[{"direction":"out","gameName":"Gvic","icon":550,"id":"0","name":"","note":"","pid":"","puuid":"0f86fe95-5030-504d-8a87-d01bea7fb211","summonerId":0,"tagLine":"EUW"},{"dire
[bridge] websocket <= [8,"OnJsonApiEvent",{"data":{"state":"CONNECTED","vanguardStatus":0},"eventType":"Update","uri":"/lol-vanguard/v1/session"}]
[bridge] websocket <= [8,"OnJsonApiEvent",{"data":{"data":{"championId":3157},"schemaVersion":0},"eventType":"Update","uri":"/lol-settings/v1/account/STRAWBERRY_LOCAL_SETTINGS_V1"}]
[bridge] websocket <= [8,"OnJsonApiEvent",{"data":{"data":{"championId":3157},"schemaVersion":0},"eventType":"Update","uri":"/lol-settings/v2/account/LCUPreferences/STRAWBERRY_LOCAL_SETTINGS_V1"}]
[bridge] websocket <= [8,"OnJsonApiEvent",{"data":{"data":{"lastPatchNotesViewed":"16.9","tabsViewed":"{\"26-03-ac-aram-mayhem-lny\":true,\"26-08-ac-mv-masteryi\":true,\"26-09-ac-pandemonium-skins\":true,\"26-10-ac-grabbag
[bridge] websocket <= [8,"OnJsonApiEvent",{"data":{"data":{"lastPatchNotesViewed":"16.9","tabsViewed":"{\"26-03-ac-aram-mayhem-lny\":true,\"26-08-ac-mv-masteryi\":true,\"26-09-ac-pandemonium-skins\":true,\"26-10-ac-grabbag
[bridge] websocket <= [8,"OnJsonApiEvent",{"data":{"data":{"initialVisited":true,"welcomedSeason":16},"schemaVersion":1},"eventType":"Update","uri":"/lol-settings/v1/account/career-stats-settings"}]
[bridge] websocket <= [8,"OnJsonApiEvent",{"data":{"data":{"initialVisited":true,"welcomedSeason":16},"schemaVersion":1},"eventType":"Update","uri":"/lol-settings/v2/account/LCUPreferences/career-stats-settings"}]
[renderer:1]         rcp-fe-common-libs| Preloads completed in 659ms (http://127.0.0.1:59661/fe/common-libs/rcp-fe-common-libs.js?t=1779656031494:1)
[bridge] websocket <= [8,"OnJsonApiEvent",{"data":{"data":{"skins":{"1":1012,"10":10003,"101":101000,"102":102000,"103":103027,"104":104000,"105":105004,"106":106006,"107":107008,"11":11024,"110":110000,"111":111000,"112":
[bridge] websocket <= [8,"OnJsonApiEvent",{"data":{"data":{"skins":{"1":1012,"10":10003,"101":101000,"102":102000,"103":103027,"104":104000,"105":105004,"106":106006,"107":107008,"11":11024,"110":110000,"111":111000,"112":
[bridge] websocket <= [8,"OnJsonApiEvent",{"data":{"data":{"captainInviteStep":true,"captainLockinStep":true,"captainRewardStep":true,"captainRoleStep":true,"captainTicketStep":true,"initialized":true,"memberJoinTeamStep":
[bridge] websocket <= [8,"OnJsonApiEvent",{"data":{"data":{"captainInviteStep":true,"captainLockinStep":true,"captainRewardStep":true,"captainRoleStep":true,"captainTicketStep":true,"initialized":true,"memberJoinTeamStep":
[bridge] websocket <= [8,"OnJsonApiEvent",{"data":{"data":{"typeToLastOpenedDate":{"COMPANION":1662988374,"TFT_DAMAGE_SKIN":1662988849,"TFT_MAP_SKIN":1760125982}},"schemaVersion":1},"eventType":"Update","uri":"/lol-setting
[bridge] websocket <= [8,"OnJsonApiEvent",{"data":{"data":{"typeToLastOpenedDate":{"COMPANION":1662988374,"TFT_DAMAGE_SKIN":1662988849,"TFT_MAP_SKIN":1760125982}},"schemaVersion":1},"eventType":"Update","uri":"/lol-setting
[bridge] websocket <= [8,"OnJsonApiEvent",{"data":{"data":{"custom-spell-selections":{"spell1":4,"spell2":14}},"schemaVersion":0},"eventType":"Update","uri":"/lol-settings/v1/account/custom-spell-selections"}]
[bridge] websocket <= [8,"OnJsonApiEvent",{"data":{"data":{"custom-spell-selections":{"spell1":4,"spell2":14}},"schemaVersion":0},"eventType":"Update","uri":"/lol-settings/v2/account/LCUPreferences/custom-spell-selections"
[bridge] websocket <= [8,"OnJsonApiEvent",{"data":{"data":{"newEmotes":[5075,5048,1457,5047,5063,5065,5067,5070,5052,3191,5035,4704,5005,5007,5006,4996,3713,4085,4906,3201,4083,4229,4075,3137,3932,3574,3135,3142]},"schemaV
[bridge] websocket <= [8,"OnJsonApiEvent",{"data":{"data":{"newEmotes":[5075,5048,1457,5047,5063,5065,5067,5070,5052,3191,5035,4704,5005,5007,5006,4996,3713,4085,4906,3201,4083,4229,4075,3137,3932,3574,3135,3142]},"schemaV
[bridge] websocket <= [8,"OnJsonApiEvent",{"data":{"data":{"notificationShown":true},"schemaVersion":1},"eventType":"Update","uri":"/lol-settings/v1/account/eos-2020-bell-notification_SR_1"}]
[bridge] websocket <= [8,"OnJsonApiEvent",{"data":{"data":{"notificationShown":true},"schemaVersion":1},"eventType":"Update","uri":"/lol-settings/v2/account/LCUPreferences/eos-2020-bell-notification_SR_1"}]
[bridge] websocket <= [8,"OnJsonApiEvent",{"data":{"data":{"notificationShown":true},"schemaVersion":1},"eventType":"Update","uri":"/lol-settings/v1/account/eos-2020-bell-notification_SR_2"}]
[bridge] websocket <= [8,"OnJsonApiEvent",{"data":{"data":{"notificationShown":true},"schemaVersion":1},"eventType":"Update","uri":"/lol-settings/v2/account/LCUPreferences/eos-2020-bell-notification_SR_2"}]
[bridge] websocket <= [8,"OnJsonApiEvent",{"data":{"data":{"notificationShown":true},"schemaVersion":1},"eventType":"Update","uri":"/lol-settings/v1/account/eos-2020-bell-notification_SR_3"}]
[bridge] websocket <= [8,"OnJsonApiEvent",{"data":{"data":{"notificationShown":true},"schemaVersion":1},"eventType":"Update","uri":"/lol-settings/v2/account/LCUPreferences/eos-2020-bell-notification_SR_3"}]
[bridge] websocket <= [8,"OnJsonApiEvent",{"data":{"data":{"playerSettingsDataMap":{"62e1f515-1815-475c-b402-3a6d29269d4e":{"lastSeenTokenBalance":0,"lastSeenTokenShopOffersVersion":0,"lastTimeSeen":"2026-05-23T22:57:29.82
[bridge] websocket <= [8,"OnJsonApiEvent",{"data":{"data":{"playerSettingsDataMap":{"62e1f515-1815-475c-b402-3a6d29269d4e":{"lastSeenTokenBalance":0,"lastSeenTokenShopOffersVersion":0,"lastTimeSeen":"2026-05-23T22:57:29.82
[bridge] websocket <= [8,"OnJsonApiEvent",{"data":{"data":{"lastSeenTokenBalance":0,"lastSeenTokenShopOffersVersion":3764240004,"lastTimeSeen":"2023-10-15T15:27:42.084Z"},"schemaVersion":1},"eventType":"Update","uri":"/lol
[bridge] websocket <= [8,"OnJsonApiEvent",{"data":{"data":{"lastSeenTokenBalance":0,"lastSeenTokenShopOffersVersion":3764240004,"lastTimeSeen":"2023-10-15T15:27:42.084Z"},"schemaVersion":1},"eventType":"Update","uri":"/lol
[bridge] websocket <= [8,"OnJsonApiEvent",{"data":{"data":{"introCollectionModalShown":true,"introModalShown":true},"schemaVersion":1},"eventType":"Update","uri":"/lol-settings/v1/account/lol-challenges"}]
[bridge] websocket <= [8,"OnJsonApiEvent",{"data":{"data":{"introCollectionModalShown":true,"introModalShown":true},"schemaVersion":1},"eventType":"Update","uri":"/lol-settings/v2/account/LCUPreferences/lol-challenges"}]
[bridge] websocket <= [8,"OnJsonApiEvent",{"data":{"data":{"lastLevelUpTime":1779187932407},"schemaVersion":1},"eventType":"Update","uri":"/lol-settings/v1/account/lol-challenges-latest-level-up"}]
[bridge] websocket <= [8,"OnJsonApiEvent",{"data":{"data":{"lastLevelUpTime":1779187932407},"schemaVersion":1},"eventType":"Update","uri":"/lol-settings/v2/account/LCUPreferences/lol-challenges-latest-level-up"}]
[bridge] websocket <= [8,"OnJsonApiEvent",{"data":{"data":{"championFilterPreferenceKey":"favorite","championTradeToggleTooltipSeen":true,"favorites":{"bottom":[147,235,15],"top":[39]},"lftPlayerToggleTooltip":true,"positi
[bridge] websocket <= [8,"OnJsonApiEvent",{"data":{"data":{"championFilterPreferenceKey":"favorite","championTradeToggleTooltipSeen":true,"favorites":{"bottom":[147,235,15],"top":[39]},"lftPlayerToggleTooltip":true,"positi
[bridge] websocket <= [8,"OnJsonApiEvent",{"data":{"data":{"chatFilterDisabled":true,"linkClickWarningEnabled":false,"moreUnreadsEnabled":false},"schemaVersion":1},"eventType":"Update","uri":"/lol-settings/v1/account/lol-c
[bridge] websocket <= [8,"OnJsonApiEvent",{"data":{"data":{"chatFilterDisabled":true,"linkClickWarningEnabled":false,"moreUnreadsEnabled":false},"schemaVersion":1},"eventType":"Update","uri":"/lol-settings/v2/account/LCUPr
[bridge] websocket <= [8,"OnJsonApiEvent",{"data":{"data":{"clash-anticheat-modal-seen":true,"clash-eat-tooltip-37922":true},"schemaVersion":1},"eventType":"Update","uri":"/lol-settings/v1/account/lol-clash"}]
[bridge] websocket <= [8,"OnJsonApiEvent",{"data":{"data":{"clash-anticheat-modal-seen":true,"clash-eat-tooltip-37922":true},"schemaVersion":1},"eventType":"Update","uri":"/lol-settings/v2/account/LCUPreferences/lol-clash"
[bridge] websocket <= [8,"OnJsonApiEvent",{"data":{"data":{"groupingDropdownKey":"undefined","lastVisitTime":1779654594278,"lcm-eat-seen":true,"sortingDropdownKey":"undefined","unownedFilter":"none"},"schemaVersion":1},"ev
[bridge] websocket <= [8,"OnJsonApiEvent",{"data":{"data":{"groupingDropdownKey":"undefined","lastVisitTime":1779654594278,"lcm-eat-seen":true,"sortingDropdownKey":"undefined","unownedFilter":"none"},"schemaVersion":1},"ev
[bridge] websocket <= [8,"OnJsonApiEvent",{"data":{"data":{"groupingDropdownKey":"myCollection","lastVisitTime":1757118762983,"sortingDropdownKey":"acquisitionDate","unavailableFilter":false,"unownedFilter":false},"schemaV
[bridge] websocket <= [8,"OnJsonApiEvent",{"data":{"data":{"groupingDropdownKey":"myCollection","lastVisitTime":1757118762983,"sortingDropdownKey":"acquisitionDate","unavailableFilter":false,"unownedFilter":false},"schemaV
[bridge] websocket <= [8,"OnJsonApiEvent",{"data":{"data":{"groupingDropdownKey":"myCollection","lastVisitTime":1743063346562,"sortingDropdownKey":"acquisitionDate","unavailableFilter":false,"unownedFilter":false},"schemaV
[bridge] websocket <= [8,"OnJsonApiEvent",{"data":{"data":{"groupingDropdownKey":"myCollection","lastVisitTime":1743063346562,"sortingDropdownKey":"acquisitionDate","unavailableFilter":false,"unownedFilter":false},"schemaV
[bridge] websocket <= [8,"OnJsonApiEvent",{"data":{"data":{"groupingDropdownKey":"myCollection","lastVisitTime":1757118762983,"sortingDropdownKey":"acquisitionDate","unavailableFilter":false,"unownedFilter":false},"schemaV
[bridge] websocket <= [8,"OnJsonApiEvent",{"data":{"data":{"groupingDropdownKey":"myCollection","lastVisitTime":1757118762983,"sortingDropdownKey":"acquisitionDate","unavailableFilter":false,"unownedFilter":false},"schemaV
[bridge] websocket <= [8,"OnJsonApiEvent",{"data":{"data":{"groupingDropdownKey":"myCollection","lastVisitTime":1751419359838,"sortingDropdownKey":"acquisitionDate","unavailableFilter":false,"unownedFilter":false},"schemaV
[bridge] websocket <= [8,"OnJsonApiEvent",{"data":{"data":{"groupingDropdownKey":"myCollection","lastVisitTime":1751419359838,"sortingDropdownKey":"acquisitionDate","unavailableFilter":false,"unownedFilter":false},"schemaV
[bridge] websocket <= [8,"OnJsonApiEvent",{"data":{"data":{"selectedLanguage":"auto"},"schemaVersion":1},"eventType":"Update","uri":"/lol-settings/v1/account/lol-content-targeting"}]
[bridge] websocket <= [8,"OnJsonApiEvent",{"data":{"data":{"selectedLanguage":"auto"},"schemaVersion":1},"eventType":"Update","uri":"/lol-settings/v2/account/LCUPreferences/lol-content-targeting"}]
[bridge] websocket <= [8,"OnJsonApiEvent",{"data":{"data":{"lastVisitTime":1762609638645},"schemaVersion":1},"eventType":"Update","uri":"/lol-settings/v1/account/lol-customizer-banners"}]
[bridge] websocket <= [8,"OnJsonApiEvent",{"data":{"data":{"lastVisitTime":1762609638645},"schemaVersion":1},"eventType":"Update","uri":"/lol-settings/v2/account/LCUPreferences/lol-customizer-banners"}]
[bridge] websocket <= [8,"OnJsonApiEvent",{"data":{"data":{"lastVisitTime":1777905837840},"schemaVersion":1},"eventType":"Update","uri":"/lol-settings/v1/account/lol-customizer-icons"}]
[bridge] websocket <= [8,"OnJsonApiEvent",{"data":{"data":{"lastVisitTime":1777905837840},"schemaVersion":1},"eventType":"Update","uri":"/lol-settings/v2/account/LCUPreferences/lol-customizer-icons"}]
[bridge] websocket <= [8,"OnJsonApiEvent",{"data":{"data":{"lastVisitTime":1758310981395},"schemaVersion":1},"eventType":"Update","uri":"/lol-settings/v1/account/lol-customizer-titles"}]
[bridge] websocket <= [8,"OnJsonApiEvent",{"data":{"data":{"lastVisitTime":1758310981395},"schemaVersion":1},"eventType":"Update","uri":"/lol-settings/v2/account/LCUPreferences/lol-customizer-titles"}]
[bridge] websocket <= [8,"OnJsonApiEvent",{"data":{"data":{"lastVisitTime":1758311086927},"schemaVersion":1},"eventType":"Update","uri":"/lol-settings/v1/account/lol-customizer-tokens"}]
[bridge] websocket <= [8,"OnJsonApiEvent",{"data":{"data":{"lastVisitTime":1758311086927},"schemaVersion":1},"eventType":"Update","uri":"/lol-settings/v2/account/LCUPreferences/lol-customizer-tokens"}]
[bridge] websocket <= [8,"OnJsonApiEvent",{"data":{"data":{"top-nav-updates-eat-seen":true,"uploadCrashReports":true},"schemaVersion":1},"eventType":"Update","uri":"/lol-settings/v1/account/lol-general"}]
[bridge] websocket <= [8,"OnJsonApiEvent",{"data":{"data":{"top-nav-updates-eat-seen":true,"uploadCrashReports":true},"schemaVersion":1},"eventType":"Update","uri":"/lol-settings/v2/account/LCUPreferences/lol-general"}]
[bridge] websocket <= [8,"OnJsonApiEvent",{"data":{"data":{"useTFTOverride":false},"schemaVersion":1},"eventType":"Update","uri":"/lol-settings/v1/account/lol-home"}]
[bridge] websocket <= [8,"OnJsonApiEvent",{"data":{"data":{"useTFTOverride":false},"schemaVersion":1},"eventType":"Update","uri":"/lol-settings/v2/account/LCUPreferences/lol-home"}]
[bridge] websocket <= [8,"OnJsonApiEvent",{"data":{"data":{"lunar-beast-hub-2021":{"watchedIntro":true},"lunar-revel-embed-2023":{"introThemeSelectWatched":"true","introWatched":"true"},"mgs-sohh":{"MuteBGM":false,"MuteSFX
[bridge] websocket <= [8,"OnJsonApiEvent",{"data":{"data":{"lunar-beast-hub-2021":{"watchedIntro":true},"lunar-revel-embed-2023":{"introThemeSelectWatched":"true","introWatched":"true"},"mgs-sohh":{"MuteBGM":false,"MuteSFX
[bridge] websocket <= [8,"OnJsonApiEvent",{"data":{"data":{"recallReleaseNotified":true},"schemaVersion":1},"eventType":"Update","uri":"/lol-settings/v1/account/lol-honor"}]
[bridge] websocket <= [8,"OnJsonApiEvent",{"data":{"data":{"recallReleaseNotified":true},"schemaVersion":1},"eventType":"Update","uri":"/lol-settings/v2/account/LCUPreferences/lol-honor"}]
[bridge] websocket <= [8,"OnJsonApiEvent",{"data":{"data":{"lastUpdateTime":"2025-11-05T19:15:18.000Z","latestViewedVersion":"15.22"},"schemaVersion":1},"eventType":"Update","uri":"/lol-settings/v1/account/lol-info-hub"}]
[bridge] websocket <= [8,"OnJsonApiEvent",{"data":{"data":{"lastUpdateTime":"2025-11-05T19:15:18.000Z","latestViewedVersion":"15.22"},"schemaVersion":1},"eventType":"Update","uri":"/lol-settings/v2/account/LCUPreferences/l
[bridge] websocket <= [8,"OnJsonApiEvent",{"data":{"data":{"FINAL_RANK_ONE_OF_SEASON-RANKED_FLEX_SR":21,"FINAL_RANK_ONE_OF_SEASON-RANKED_SOLO_5x5":21,"FIRST_CHALLENGER_OF_SEASON-RANKED_FLEX_SR":22,"FIRST_CHALLENGER_OF_SEAS
[bridge] websocket <= [8,"OnJsonApiEvent",{"data":{"data":{"FINAL_RANK_ONE_OF_SEASON-RANKED_FLEX_SR":21,"FINAL_RANK_ONE_OF_SEASON-RANKED_SOLO_5x5":21,"FIRST_CHALLENGER_OF_SEASON-RANKED_FLEX_SR":22,"FIRST_CHALLENGER_OF_SEAS
[bridge] websocket <= [8,"OnJsonApiEvent",{"data":{"data":{"mass-disenchant-tooltip-seen":true,"mythicEssenceModalSeen":true,"sanctumEATSeen":true,"watchedFirstTimeNachoVideos":["/lol-game-data/assets/ASSETS/Nacho/skin-int
[bridge] websocket <= [8,"OnJsonApiEvent",{"data":{"data":{"mass-disenchant-tooltip-seen":true,"mythicEssenceModalSeen":true,"sanctumEATSeen":true,"watchedFirstTimeNachoVideos":["/lol-game-data/assets/ASSETS/Nacho/skin-int
[bridge] websocket <= [8,"OnJsonApiEvent",{"data":{"data":{"couldShowRemedyVerbalAbuseModal":false},"schemaVersion":0},"eventType":"Update","uri":"/lol-settings/v1/account/lol-navigation"}]
[bridge] websocket <= [8,"OnJsonApiEvent",{"data":{"data":{"couldShowRemedyVerbalAbuseModal":false},"schemaVersion":0},"eventType":"Update","uri":"/lol-settings/v2/account/LCUPreferences/lol-navigation"}]
[bridge] websocket <= [8,"OnJsonApiEvent",{"data":{"data":{"disableEsportsNotifications":true,"rgmNotificationTimestamp":1710950175622},"schemaVersion":1},"eventType":"Update","uri":"/lol-settings/v1/account/lol-notificati
[bridge] websocket <= [8,"OnJsonApiEvent",{"data":{"data":{"disableEsportsNotifications":true,"rgmNotificationTimestamp":1710950175622},"schemaVersion":1},"eventType":"Update","uri":"/lol-settings/v2/account/LCUPreferences
[bridge] websocket <= [8,"OnJsonApiEvent",{"data":{"data":{"hasSeenTutorialPath":true,"hasSkippedTutorialPath":false,"shouldSeeNewPlayerExperience":false},"schemaVersion":1},"eventType":"Update","uri":"/lol-settings/v1/acc
[bridge] websocket <= [8,"OnJsonApiEvent",{"data":{"data":{"hasSeenTutorialPath":true,"hasSkippedTutorialPath":false,"shouldSeeNewPlayerExperience":false},"schemaVersion":1},"eventType":"Update","uri":"/lol-settings/v2/acc
[bridge] websocket <= [8,"OnJsonApiEvent",{"data":{"data":{"hasSeenOpenPartyFirstExperience":true,"hasSeenOpenPartyTooltip":true},"schemaVersion":1},"eventType":"Update","uri":"/lol-settings/v1/account/lol-parties"}]
[bridge] websocket <= [8,"OnJsonApiEvent",{"data":{"data":{"hasSeenOpenPartyFirstExperience":true,"hasSeenOpenPartyTooltip":true},"schemaVersion":1},"eventType":"Update","uri":"/lol-settings/v2/account/LCUPreferences/lol-p
[bridge] websocket <= [8,"OnJsonApiEvent",{"data":{"data":{"lastSeenDateMillisByQueueId":{"1840":1721270865449,"6120":1752400758135},"role-swap-ftux-modal-seen":true},"schemaVersion":1},"eventType":"Update","uri":"/lol-set
[bridge] websocket <= [8,"OnJsonApiEvent",{"data":{"data":{"lastSeenDateMillisByQueueId":{"1840":1721270865449,"6120":1752400758135},"role-swap-ftux-modal-seen":true},"schemaVersion":1},"eventType":"Update","uri":"/lol-set
[bridge] websocket <= [8,"OnJsonApiEvent",{"data":{"data":{"playerFlashOnFPreference":false,"shouldEditAfterSelection":false,"shouldIncludeSummonerSpells":true},"schemaVersion":1},"eventType":"Update","uri":"/lol-settings/
[bridge] websocket <= [8,"OnJsonApiEvent",{"data":{"data":{"playerFlashOnFPreference":false,"shouldEditAfterSelection":false,"shouldIncludeSummonerSpells":true},"schemaVersion":1},"eventType":"Update","uri":"/lol-settings/
[bridge] websocket <= [8,"OnJsonApiEvent",{"data":{"data":{"codeOfConductAccepted":true,"codeOfConductExpiration":1799402547431},"schemaVersion":0},"eventType":"Update","uri":"/lol-settings/v1/account/lol-player-behavior"}
[bridge] websocket <= [8,"OnJsonApiEvent",{"data":{"data":{"codeOfConductAccepted":true,"codeOfConductExpiration":1799402547431},"schemaVersion":0},"eventType":"Update","uri":"/lol-settings/v2/account/LCUPreferences/lol-pl
[bridge] websocket <= [8,"OnJsonApiEvent",{"data":{"data":{"autoJoin":false,"autoJoinTeamVoice":false,"inputMode":"voiceActivity","muteOnConnect":false,"pushToTalkKey":"[<Unbound>]","pushToTalkTeamKey":"[0]","showFirstExpe
[bridge] websocket <= [8,"OnJsonApiEvent",{"data":{"data":{"autoJoin":false,"autoJoinTeamVoice":false,"inputMode":"voiceActivity","muteOnConnect":false,"pushToTalkKey":"[<Unbound>]","pushToTalkTeamKey":"[0]","showFirstExpe
[bridge] websocket <= [8,"OnJsonApiEvent",{"data":{"data":{"ranked-reference-modal-login-seen-for-season":17},"schemaVersion":0},"eventType":"Update","uri":"/lol-settings/v1/account/lol-profiles"}]
[bridge] websocket <= [8,"OnJsonApiEvent",{"data":{"data":{"ranked-reference-modal-login-seen-for-season":17},"schemaVersion":0},"eventType":"Update","uri":"/lol-settings/v2/account/LCUPreferences/lol-profiles"}]
[bridge] websocket <= [8,"OnJsonApiEvent",{"data":{"data":{"publishingLocale":"en_GB"},"schemaVersion":1},"eventType":"Update","uri":"/lol-settings/v1/account/lol-publishing-content"}]
[bridge] websocket <= [8,"OnJsonApiEvent",{"data":{"data":{"publishingLocale":"en_GB"},"schemaVersion":1},"eventType":"Update","uri":"/lol-settings/v2/account/LCUPreferences/lol-publishing-content"}]
[bridge] websocket <= [8,"OnJsonApiEvent",{"data":{"data":{"slots":[{"championId":20,"perks":"{\"perkIds\":[8128,8126,8140,8105,8234,8232,5008,5008,5001],\"perkStyle\":8100,\"perkSubStyle\":8200}","positionPreference":"MID
[bridge] websocket <= [8,"OnJsonApiEvent",{"data":{"data":{"slots":[{"championId":20,"perks":"{\"perkIds\":[8128,8126,8140,8105,8234,8232,5008,5008,5001],\"perkStyle\":8100,\"perkSubStyle\":8200}","positionPreference":"MID
[bridge] websocket <= [8,"OnJsonApiEvent",{"data":{"data":{"groupingDropdownKey":"tier","lastVisitTime":1770140269768,"sortingDropdownKey":"tier","unownedFilter":false},"schemaVersion":2},"eventType":"Update","uri":"/lol-s
[bridge] websocket <= [8,"OnJsonApiEvent",{"data":{"data":{"groupingDropdownKey":"tier","lastVisitTime":1770140269768,"sortingDropdownKey":"tier","unownedFilter":false},"schemaVersion":2},"eventType":"Update","uri":"/lol-s
[bridge] websocket <= [8,"OnJsonApiEvent",{"data":{"data":{"TFTContentRetierModalViewed":true,"TFTLootDepPostModalViewed":true,"TFTLootDepPreModalViewed":true,"TFTRandomFavoritesToggle":false,"iconOverride":"summonerIcon",
[bridge] websocket <= [8,"OnJsonApiEvent",{"data":{"data":{"TFTContentRetierModalViewed":true,"TFTLootDepPostModalViewed":true,"TFTLootDepPreModalViewed":true,"TFTRandomFavoritesToggle":false,"iconOverride":"summonerIcon",
[bridge] websocket <= [8,"OnJsonApiEvent",{"data":{"data":{"Map11_RUBY_TRIAL_2_TutorialSeen":true,"Map11_RUBY_TRIAL_3_TutorialSeen":true,"Map11_RUBY_TutorialSeen":true,"Map11_SWIFTPLAY_SWIFTPLAY_TutorialSeen":true,"Map12_A
[bridge] websocket <= [8,"OnJsonApiEvent",{"data":{"data":{"Map11_RUBY_TRIAL_2_TutorialSeen":true,"Map11_RUBY_TRIAL_3_TutorialSeen":true,"Map11_RUBY_TutorialSeen":true,"Map11_SWIFTPLAY_SWIFTPLAY_TutorialSeen":true,"Map12_A
[bridge] websocket <= [8,"OnJsonApiEvent",{"data":{"data":{"selected_series":"all_missions"},"schemaVersion":0},"eventType":"Update","uri":"/lol-settings/v1/account/missions-settings"}]
[bridge] websocket <= [8,"OnJsonApiEvent",{"data":{"data":{"selected_series":"all_missions"},"schemaVersion":0},"eventType":"Update","uri":"/lol-settings/v2/account/LCUPreferences/missions-settings"}]
[bridge] websocket <= [8,"OnJsonApiEvent",{"data":{"data":{"Parties":{"defaultPartyType":"open"}},"schemaVersion":0},"eventType":"Update","uri":"/lol-settings/v1/account/parties-settings"}]
[bridge] websocket <= [8,"OnJsonApiEvent",{"data":{"data":{"Parties":{"defaultPartyType":"open"}},"schemaVersion":0},"eventType":"Update","uri":"/lol-settings/v2/account/LCUPreferences/parties-settings"}]
[bridge] websocket <= [8,"OnJsonApiEvent",{"data":{"data":{"fifthPreference":"UNSELECTED","firstPreference":"TOP","fourthPreference":"UNSELECTED","secondPreference":"MIDDLE","thirdPreference":"UNSELECTED"},"schemaVersion":
[bridge] websocket <= [8,"OnJsonApiEvent",{"data":{"data":{"fifthPreference":"UNSELECTED","firstPreference":"TOP","fourthPreference":"UNSELECTED","secondPreference":"MIDDLE","thirdPreference":"UNSELECTED"},"schemaVersion":
[bridge] websocket <= [8,"OnJsonApiEvent",{"data":{"data":{"lastViewedTimestamp":"2022-07-23T12:44:21.103Z"},"schemaVersion":1},"eventType":"Update","uri":"/lol-settings/v1/account/personalized-offers"}]
[bridge] websocket <= [8,"OnJsonApiEvent",{"data":{"data":{"lastViewedTimestamp":"2022-07-23T12:44:21.103Z"},"schemaVersion":1},"eventType":"Update","uri":"/lol-settings/v2/account/LCUPreferences/personalized-offers"}]
[bridge] websocket <= [8,"OnJsonApiEvent",{"data":{"data":{"notificationShown":true},"schemaVersion":1},"eventType":"Update","uri":"/lol-settings/v1/account/ranked-eos-notification-10-RANKED_SOLO_5x5-SEASON_ENDED"}]
[bridge] websocket <= [8,"OnJsonApiEvent",{"data":{"data":{"notificationShown":true},"schemaVersion":1},"eventType":"Update","uri":"/lol-settings/v2/account/LCUPreferences/ranked-eos-notification-10-RANKED_SOLO_5x5-SEASON_
[bridge] websocket <= [8,"OnJsonApiEvent",{"data":{"data":{"notificationShown":true},"schemaVersion":1},"eventType":"Update","uri":"/lol-settings/v1/account/ranked-eos-notification-12-RANKED_SOLO_5x5-FIRST_WARNING"}]
[bridge] websocket <= [8,"OnJsonApiEvent",{"data":{"data":{"notificationShown":true},"schemaVersion":1},"eventType":"Update","uri":"/lol-settings/v2/account/LCUPreferences/ranked-eos-notification-12-RANKED_SOLO_5x5-FIRST_W
[bridge] websocket <= [8,"OnJsonApiEvent",{"data":{"data":{"notificationShown":true},"schemaVersion":1},"eventType":"Update","uri":"/lol-settings/v1/account/ranked-eos-notification-12-RANKED_SOLO_5x5-SEASON_ENDED"}]
[bridge] websocket <= [8,"OnJsonApiEvent",{"data":{"data":{"notificationShown":true},"schemaVersion":1},"eventType":"Update","uri":"/lol-settings/v2/account/LCUPreferences/ranked-eos-notification-12-RANKED_SOLO_5x5-SEASON_
[bridge] websocket <= [8,"OnJsonApiEvent",{"data":{"data":{"notificationShown":true},"schemaVersion":1},"eventType":"Update","uri":"/lol-settings/v1/account/ranked-eos-notification-13-RANKED_SOLO_5x5-FIRST_WARNING"}]
[bridge] websocket <= [8,"OnJsonApiEvent",{"data":{"data":{"notificationShown":true},"schemaVersion":1},"eventType":"Update","uri":"/lol-settings/v2/account/LCUPreferences/ranked-eos-notification-13-RANKED_SOLO_5x5-FIRST_W
[bridge] websocket <= [8,"OnJsonApiEvent",{"data":{"data":{"notificationShown":true},"schemaVersion":1},"eventType":"Update","uri":"/lol-settings/v1/account/ranked-eos-notification-13-RANKED_SOLO_5x5-SECOND_WARNING"}]
[bridge] websocket <= [8,"OnJsonApiEvent",{"data":{"data":{"notificationShown":true},"schemaVersion":1},"eventType":"Update","uri":"/lol-settings/v2/account/LCUPreferences/ranked-eos-notification-13-RANKED_SOLO_5x5-SECOND_
[bridge] websocket <= [8,"OnJsonApiEvent",{"data":{"data":{"notificationShown":true},"schemaVersion":1},"eventType":"Update","uri":"/lol-settings/v1/account/ranked-eos-notification-15-RANKED_SOLO_5x5-FIRST_WARNING"}]
[bridge] websocket <= [8,"OnJsonApiEvent",{"data":{"data":{"notificationShown":true},"schemaVersion":1},"eventType":"Update","uri":"/lol-settings/v2/account/LCUPreferences/ranked-eos-notification-15-RANKED_SOLO_5x5-FIRST_W
[bridge] websocket <= [8,"OnJsonApiEvent",{"data":{"data":{"notificationShown":true},"schemaVersion":1},"eventType":"Update","uri":"/lol-settings/v1/account/ranked-eos-notification-15-RANKED_SOLO_5x5-SEASON_ENDED"}]
[bridge] websocket <= [8,"OnJsonApiEvent",{"data":{"data":{"notificationShown":true},"schemaVersion":1},"eventType":"Update","uri":"/lol-settings/v2/account/LCUPreferences/ranked-eos-notification-15-RANKED_SOLO_5x5-SEASON_
[bridge] websocket <= [8,"OnJsonApiEvent",{"data":{"data":{"notificationShown":true},"schemaVersion":1},"eventType":"Update","uri":"/lol-settings/v1/account/ranked-eos-notification-15-RANKED_SOLO_5x5-SECOND_WARNING"}]
[bridge] websocket <= [8,"OnJsonApiEvent",{"data":{"data":{"notificationShown":true},"schemaVersion":1},"eventType":"Update","uri":"/lol-settings/v2/account/LCUPreferences/ranked-eos-notification-15-RANKED_SOLO_5x5-SECOND_
[bridge] websocket <= [8,"OnJsonApiEvent",{"data":{"data":{"notificationShown":true},"schemaVersion":1},"eventType":"Update","uri":"/lol-settings/v1/account/ranked-eos-notification-16-RANKED_SOLO_5x5-FIRST_WARNING"}]
[bridge] websocket <= [8,"OnJsonApiEvent",{"data":{"data":{"notificationShown":true},"schemaVersion":1},"eventType":"Update","uri":"/lol-settings/v2/account/LCUPreferences/ranked-eos-notification-16-RANKED_SOLO_5x5-FIRST_W
[bridge] websocket <= [8,"OnJsonApiEvent",{"data":{"data":{"notificationShown":true},"schemaVersion":1},"eventType":"Update","uri":"/lol-settings/v1/account/ranked-eos-notification-16-RANKED_SOLO_5x5-SECOND_WARNING"}]
[bridge] websocket <= [8,"OnJsonApiEvent",{"data":{"data":{"notificationShown":true},"schemaVersion":1},"eventType":"Update","uri":"/lol-settings/v2/account/LCUPreferences/ranked-eos-notification-16-RANKED_SOLO_5x5-SECOND_
[bridge] websocket <= [8,"OnJsonApiEvent",{"data":{"data":{"notificationShown":true},"schemaVersion":1},"eventType":"Update","uri":"/lol-settings/v1/account/ranked-eos-notification-18-RANKED_SOLO_5x5-FIRST_WARNING"}]
[bridge] websocket <= [8,"OnJsonApiEvent",{"data":{"data":{"notificationShown":true},"schemaVersion":1},"eventType":"Update","uri":"/lol-settings/v2/account/LCUPreferences/ranked-eos-notification-18-RANKED_SOLO_5x5-FIRST_W
[bridge] websocket <= [8,"OnJsonApiEvent",{"data":{"data":{"notificationShown":true},"schemaVersion":1},"eventType":"Update","uri":"/lol-settings/v1/account/ranked-eos-notification-18-RANKED_SOLO_5x5-SECOND_WARNING"}]
[bridge] websocket <= [8,"OnJsonApiEvent",{"data":{"data":{"notificationShown":true},"schemaVersion":1},"eventType":"Update","uri":"/lol-settings/v2/account/LCUPreferences/ranked-eos-notification-18-RANKED_SOLO_5x5-SECOND_
[bridge] websocket <= [8,"OnJsonApiEvent",{"data":{"data":{"notificationShown":true},"schemaVersion":1},"eventType":"Update","uri":"/lol-settings/v1/account/ranked-eos-notification-19-RANKED_SOLO_5x5-FIRST_WARNING"}]
[bridge] websocket <= [8,"OnJsonApiEvent",{"data":{"data":{"notificationShown":true},"schemaVersion":1},"eventType":"Update","uri":"/lol-settings/v2/account/LCUPreferences/ranked-eos-notification-19-RANKED_SOLO_5x5-FIRST_W
[bridge] websocket <= [8,"OnJsonApiEvent",{"data":{"data":{"notificationShown":true},"schemaVersion":1},"eventType":"Update","uri":"/lol-settings/v1/account/ranked-eos-notification-19-RANKED_SOLO_5x5-SECOND_WARNING"}]
[bridge] websocket <= [8,"OnJsonApiEvent",{"data":{"data":{"notificationShown":true},"schemaVersion":1},"eventType":"Update","uri":"/lol-settings/v2/account/LCUPreferences/ranked-eos-notification-19-RANKED_SOLO_5x5-SECOND_
[bridge] websocket <= [8,"OnJsonApiEvent",{"data":{"data":{"notificationShown":true},"schemaVersion":1},"eventType":"Update","uri":"/lol-settings/v1/account/ranked-eos-notification-20-RANKED_SOLO_5x5-FIRST_WARNING"}]
[bridge] websocket <= [8,"OnJsonApiEvent",{"data":{"data":{"notificationShown":true},"schemaVersion":1},"eventType":"Update","uri":"/lol-settings/v2/account/LCUPreferences/ranked-eos-notification-20-RANKED_SOLO_5x5-FIRST_W
[bridge] websocket <= [8,"OnJsonApiEvent",{"data":{"data":{"notificationShown":true},"schemaVersion":1},"eventType":"Update","uri":"/lol-settings/v1/account/ranked-eos-notification-20-RANKED_SOLO_5x5-SECOND_WARNING"}]
[bridge] websocket <= [8,"OnJsonApiEvent",{"data":{"data":{"notificationShown":true},"schemaVersion":1},"eventType":"Update","uri":"/lol-settings/v2/account/LCUPreferences/ranked-eos-notification-20-RANKED_SOLO_5x5-SECOND_
[bridge] websocket <= [8,"OnJsonApiEvent",{"data":{"data":{"notificationShown":true},"schemaVersion":1},"eventType":"Update","uri":"/lol-settings/v1/account/ranked-eos-notification-21-RANKED_SOLO_5x5-FIRST_WARNING"}]
[bridge] websocket <= [8,"OnJsonApiEvent",{"data":{"data":{"notificationShown":true},"schemaVersion":1},"eventType":"Update","uri":"/lol-settings/v2/account/LCUPreferences/ranked-eos-notification-21-RANKED_SOLO_5x5-FIRST_W
[bridge] websocket <= [8,"OnJsonApiEvent",{"data":{"data":{"notificationShown":true},"schemaVersion":1},"eventType":"Update","uri":"/lol-settings/v1/account/ranked-eos-notification-21-RANKED_SOLO_5x5-SECOND_WARNING"}]
[bridge] websocket <= [8,"OnJsonApiEvent",{"data":{"data":{"notificationShown":true},"schemaVersion":1},"eventType":"Update","uri":"/lol-settings/v2/account/LCUPreferences/ranked-eos-notification-21-RANKED_SOLO_5x5-SECOND_
[bridge] websocket <= [8,"OnJsonApiEvent",{"data":{"data":{"lastViewed":"2026-05-14T09:25:35.391Z"},"schemaVersion":1},"eventType":"Update","uri":"/lol-settings/v1/account/shoppefront_MYTHIC_SHOP"}]
[bridge] websocket <= [8,"OnJsonApiEvent",{"data":{"data":{"lastViewed":"2026-05-14T09:25:35.391Z"},"schemaVersion":1},"eventType":"Update","uri":"/lol-settings/v2/account/LCUPreferences/shoppefront_MYTHIC_SHOP"}]
[bridge] websocket <= [8,"OnJsonApiEvent",{"data":{"data":{"lastViewedTimestamp":"2026-05-24T00:00:21.654Z"},"schemaVersion":1},"eventType":"Update","uri":"/lol-settings/v1/account/yourshop"}]
[bridge] websocket <= [8,"OnJsonApiEvent",{"data":{"data":{"lastViewedTimestamp":"2026-05-24T00:00:21.654Z"},"schemaVersion":1},"eventType":"Update","uri":"/lol-settings/v2/account/LCUPreferences/yourshop"}]
[bridge] websocket <= [8,"OnJsonApiEvent",{"data":[{"expirationDate":"","f2p":false,"inventoryType":"CHAMPION_SKIN","itemId":555016,"loyalty":false,"loyaltySources":[],"owned":true,"ownershipType":"OWNED","payload":{"isVin
[bridge] websocket <= [8,"OnJsonApiEvent",{"data":[{"expirationDate":"","f2p":true,"inventoryType":"COMPANION","itemId":1,"loyalty":false,"loyaltySources":[],"owned":false,"ownershipType":"F2P","payload":null,"purchaseDate
[bridge] websocket <= [8,"OnJsonApiEvent",{"data":{"aTierRewards":{"fallbackDrops":[{"bundleParentNodeId":"","bundledCurrencyNodeIds":[],"isChaseItem":false,"itemInstanceId":"8ce03930-7079-5e3f-a49b-d4721b00dbb3","nodeId":
[bridge] websocket <= [8,"OnJsonApiEvent",{"data":[{"expirationDate":"","f2p":false,"inventoryType":"TFT_DAMAGE_SKIN","itemId":30001,"loyalty":false,"loyaltySources":[],"owned":true,"ownershipType":"OWNED","payload":null,"
[bridge] websocket <= [8,"OnJsonApiEvent",{"data":[{"expirationDate":"","f2p":true,"inventoryType":"TFT_ZOOM_SKIN","itemId":1,"loyalty":false,"loyaltySources":[],"owned":false,"ownershipType":"F2P","payload":null,"purchase
[bridge] websocket <= [8,"OnJsonApiEvent",{"data":{"reloadInventory":false,"rewards":{"championIds":[],"freeRewardedChampionsCount":0,"freeRewardedSkinsCount":0,"global":{"allChampions":false},"ipBoost":0,"loyaltySources":
[bridge] websocket <= [8,"OnJsonApiEvent",{"data":{"reloadInventory":false,"rewards":{"championIds":[],"freeRewardedChampionsCount":0,"freeRewardedSkinsCount":0,"global":{"allChampions":false},"ipBoost":0,"loyaltySources":
[bridge] websocket <= [8,"OnJsonApiEvent",{"data":[{"gameName":"MG4812","gameTag":"EUW","icon":1590,"id":"1d5f2e6b-8534-5c02-9738-68940ef5d189@eu1.pvp.net","name":"","pid":"1d5f2e6b-8534-5c02-9738-68940ef5d189@eu1.pvp.net"
[renderer:1]   rcp-fe-lol-lock-and-load| [startup] Waiting for plugins to load (http://127.0.0.1:59661/fe/common-libs/rcp-fe-common-libs.js?t=1779656031494:1)
[bridge] websocket <= [8,"OnJsonApiEvent",{"data":[{"expirationDate":"","f2p":false,"inventoryType":"STATSTONE","itemId":66600138,"loyalty":false,"loyaltySources":[],"owned":true,"ownershipType":"OWNED","payload":null,"pur
[bridge] websocket <= [8,"OnJsonApiEvent",{"data":true,"eventType":"Update","uri":"/lol-tft-pass/v1/ready"}]
[bridge] websocket <= [8,"OnJsonApiEvent",{"data":533328938,"eventType":"Update","uri":"/lol-clash/v1/time"}]
[bridge] websocket <= [8,"OnJsonApiEvent",{"data":{"firstWinOfTheDayStartTime":"1970-01-01T00:00:00Z","xpBoostEndDate":"1969-12-31T23:59:59Z","xpBoostPerWinCount":0,"xpLoyaltyBoost":0},"eventType":"Update","uri":"/lol-acti
[bridge] websocket <= [8,"OnJsonApiEvent",{"data":533328939,"eventType":"Update","uri":"/lol-clash/v1/time"}]
[bridge] websocket <= [8,"OnJsonApiEvent",{"data":false,"eventType":"Update","uri":"/lol-clash/v1/ready"}]
[bridge] websocket <= [8,"OnJsonApiEvent",{"data":{"battleExpIcon":"/lol-game-data/assets/ASSETS/Seasons/images/generic/Event_BXP_128x128.png","currentTokenBalance":0,"endDate":"2026-06-10T06:59:00Z","eventIcon":"","eventI
[bridge] websocket <= [8,"OnJsonApiEvent",{"data":false,"eventType":"Update","uri":"/lol-clash/v1/playmode-restricted"}]
[bridge] websocket <= [8,"OnJsonApiEvent",{"data":{"isRestricted":false,"phaseId":-1,"presenceState":"NONE","readyForVoice":false,"rosterId":"","tournamentId":-1},"eventType":"Update","uri":"/lol-clash/v2/playmode-restrict
[bridge] websocket <= [8,"OnJsonApiEvent",{"data":{"actBackgroundImage":"/lol-game-data/assets/ASSETS/Seasons/images/PANDEMONIUM/S2_26_Pandemonium-BattlePass_BG-1055x720_v2.png","eventIconPath":"","eventName":"Season 2: Ac
[bridge] websocket <= [8,"OnJsonApiEvent",{"data":533328940,"eventType":"Update","uri":"/lol-clash/v1/time"}]
[bridge] websocket <= [8,"OnJsonApiEvent",{"data":false,"eventType":"Update","uri":"/lol-clash/v1/checkin-allowed"}]
[bridge] websocket <= [8,"OnJsonApiEvent",{"data":false,"eventType":"Update","uri":"/lol-clash/v1/playmode-restricted"}]
[bridge] websocket <= [8,"OnJsonApiEvent",{"data":{"battleExpIcon":"/lol-game-data/assets/ASSETS/Seasons/images/generic/Event_BXP_128x128.png","currentTokenBalance":0,"endDate":"2026-06-10T06:59:00Z","eventIcon":"","eventI
[bridge] websocket <= [8,"OnJsonApiEvent",{"data":{"isRestricted":false,"phaseId":-1,"presenceState":"NONE","readyForVoice":false,"rosterId":"","tournamentId":-1},"eventType":"Update","uri":"/lol-clash/v2/playmode-restrict
[bridge] websocket <= [8,"OnJsonApiEvent",{"data":{"eventPassBundlesCatalogEntry":[{"contentId":"198df7ea-54b7-4fe2-893e-c62167bb9e45","itemId":69901055,"offerId":"45528079-3e83-413e-b0cf-e252bbc3eaa0","typeId":""},{"conte
[bridge] websocket <= [8,"OnJsonApiEvent",{"data":{"battleExpIcon":"/lol-game-data/assets/ASSETS/Seasons/images/generic/Event_BXP_128x128.png","currentTokenBalance":0,"endDate":"2026-06-10T06:59:00Z","eventIcon":"","eventI
[bridge] websocket <= [8,"OnJsonApiEvent",{"data":false,"eventType":"Update","uri":"/lol-event-hub/v1/events/62e1f515-1815-475c-b402-3a6d29269d4e/is-grace-period"}]
[bridge] websocket <= [8,"OnJsonApiEvent",{"data":{"currentChapter":{"backgroundImage":"/lol-game-data/assets/ASSETS/Seasons/images/PANDEMONIUM/S2_26_Pandemonium-BattlePass_BG-1055x720_v2.png","cardImage":"/lol-game-data/a
[bridge] websocket <= [8,"OnJsonApiEvent",{"data":{"chapters":[{"backgroundImage":"/lol-game-data/assets/ASSETS/Seasons/images/PANDEMONIUM/S2_26_Pandemonium-BattlePass_BG-1055x720_v2.png","cardImage":"/lol-game-data/assets
[bridge] websocket <= [8,"OnJsonApiEvent",{"data":{"battleExpIcon":"/lol-game-data/assets/ASSETS/Rewards/Kiwi/Event_MXP.svg","currentTokenBalance":0,"endDate":"2026-06-09T06:59:00Z","eventIcon":"","eventId":"675bc323-891c-
[bridge] websocket <= [8,"OnJsonApiEvent",{"data":{"actBackgroundImage":"/lol-game-data/assets/ASSETS/Seasons/images/Mayhem/eventhub-bg1055x719.png","eventIconPath":"","eventName":"Mayhem Progression Track","eventStartDate
[bridge] websocket <= [8,"OnJsonApiEvent",{"data":{"battleExpIcon":"/lol-game-data/assets/ASSETS/Rewards/Kiwi/Event_MXP.svg","currentTokenBalance":0,"endDate":"2026-06-09T06:59:00Z","eventIcon":"","eventId":"675bc323-891c-
[bridge] websocket <= [8,"OnJsonApiEvent",{"data":{"eventPassBundlesCatalogEntry":[],"passPurchased":false,"tokenImage":""},"eventType":"Update","uri":"/lol-event-hub/v1/events/675bc323-891c-49f8-8314-8a6f38eb2589/progress
[bridge] websocket <= [8,"OnJsonApiEvent",{"data":{"battleExpIcon":"/lol-game-data/assets/ASSETS/Rewards/Kiwi/Event_MXP.svg","currentTokenBalance":0,"endDate":"2026-06-09T06:59:00Z","eventIcon":"","eventId":"675bc323-891c-
[bridge] websocket <= [8,"OnJsonApiEvent",{"data":false,"eventType":"Update","uri":"/lol-event-hub/v1/events/675bc323-891c-49f8-8314-8a6f38eb2589/is-grace-period"}]
[bridge] websocket <= [8,"OnJsonApiEvent",{"data":{"firstWinOfTheDayStartTime":"1970-01-01T00:00:00Z","xpBoostEndDate":"1969-12-31T23:59:59Z","xpBoostPerWinCount":0,"xpLoyaltyBoost":0},"eventType":"Update","uri":"/lol-acti
[bridge] websocket <= [8,"OnJsonApiEvent",{"data":{"currentChapter":{"backgroundImage":"/lol-game-data/assets/ASSETS/Seasons/images/Mayhem/eventhub-bg1055x719.png","cardImage":"/lol-game-data/assets/ASSETS/Seasons/images/t
[bridge] websocket <= [8,"OnJsonApiEvent",{"data":{"chapters":[{"backgroundImage":"/lol-game-data/assets/ASSETS/Seasons/images/Mayhem/eventhub-bg1055x719.png","cardImage":"/lol-game-data/assets/ASSETS/Seasons/images/test-s
[bridge] websocket <= [8,"OnJsonApiEvent",{"data":[{"gameName":"Ares","gameTag":"TTXG","id":"86a980bf-4868-5141-be0b-95fcd30c354b@eu1.pvp.net","inviterId":"","isMuted":false,"lastMessage":{"body":"ok","fromId":"86a980bf-48
[request:404] GET http://127.0.0.1:59661/lol-gameflow/v1/session
[bridge] websocket <= [8,"OnJsonApiEvent",{"data":[{"body":"alsdjfsaodifuasdf","fromId":"b2cd46ed-87a8-5aeb-a092-89421545101d@eu1.pvp.net","fromObfuscatedPuuid":"","fromObfuscatedSummonerId":0,"fromPid":"b2cd46ed-87a8-5aeb
[bridge] websocket <= [8,"OnJsonApiEvent",{"data":[],"eventType":"Create","uri":"/lol-inventory/v2/inventory/MODE_PROGRESSION_REWARD"}]
[bridge] websocket <= [8,"OnJsonApiEvent",{"data":[{"body":"yo","fromId":"b2cd46ed-87a8-5aeb-a092-89421545101d@eu1.pvp.net","fromObfuscatedPuuid":"","fromObfuscatedSummonerId":0,"fromPid":"b2cd46ed-87a8-5aeb-a092-894215451
[bridge] websocket <= [8,"OnJsonApiEvent",{"data":[{"body":"wie instant bistz du mir gejoint xD","fromId":"bd96bf2e-d9e8-51fc-8efe-25356ef2014f@eu1.pvp.net","fromObfuscatedPuuid":"","fromObfuscatedSummonerId":0,"fromPid":"
[bridge] websocket <= [8,"OnJsonApiEvent",{"data":[{"body":"yo :D","fromId":"7396a489-9088-5140-9999-cbdc465a5477@eu1.pvp.net","fromObfuscatedPuuid":"","fromObfuscatedSummonerId":0,"fromPid":"7396a489-9088-5140-9999-cbdc46
[bridge] websocket <= [8,"OnJsonApiEvent",{"data":[{"body":"w8","fromId":"b2cd46ed-87a8-5aeb-a092-89421545101d@eu1.pvp.net","fromObfuscatedPuuid":"","fromObfuscatedSummonerId":0,"fromPid":"b2cd46ed-87a8-5aeb-a092-894215451
[bridge] websocket <= [8,"OnJsonApiEvent",{"data":{"body":"araùm","fromId":"bad7685e-5631-5440-a9d5-55c7db6d0872@eu1.pvp.net","fromObfuscatedPuuid":"","fromObfuscatedSummonerId":0,"fromPid":"bad7685e-5631-5440-a9d5-55c7db6
[bridge] websocket <= [8,"OnJsonApiEvent",{"data":null,"eventType":"Update","uri":"/riotclient/ux-flash"}]
[bridge] websocket <= [8,"OnJsonApiEvent",{"data":1779656034518,"eventType":"Update","uri":"/lol-clash/v1/time"}]
[bridge] websocket <= [8,"OnJsonApiEvent",{"data":true,"eventType":"Update","uri":"/lol-clash/v1/visible"}]
[bridge] websocket <= [8,"OnJsonApiEvent",{"data":true,"eventType":"Update","uri":"/lol-clash/v1/enabled"}]
[bridge] websocket <= [8,"OnJsonApiEvent",{"data":true,"eventType":"Update","uri":"/lol-clash/v1/ready"}]
[bridge] websocket <= [8,"OnJsonApiEvent",{"data":false,"eventType":"Update","uri":"/lol-clash/v1/playmode-restricted"}]
[bridge] websocket <= [8,"OnJsonApiEvent",{"data":{"isRestricted":false,"phaseId":-1,"presenceState":"NONE","readyForVoice":false,"rosterId":"","tournamentId":-1},"eventType":"Update","uri":"/lol-clash/v2/playmode-restrict
[bridge] websocket <= [8,"OnJsonApiEvent",{"data":{"allowRosterCreation":false,"bracketFormationInitDelayMs":180000,"bracketFormationIntervalMs":180000,"bracketSize":"8","buyInOptions":[1],"buyInOptionsPremium":[1],"endTim
[bridge] websocket <= [8,"OnJsonApiEvent",{"data":{"allowRosterCreation":false,"bracketFormationInitDelayMs":180000,"bracketFormationIntervalMs":180000,"bracketSize":"8","buyInOptions":[1],"buyInOptionsPremium":[1],"endTim
[bridge] websocket <= [8,"OnJsonApiEvent",{"data":[],"eventType":"Update","uri":"/lol-clash/v1/tournament/cancelled"}]
[bridge] websocket <= [8,"OnJsonApiEvent",{"data":{"availability":"","gameName":"Ares","gameTag":"TTXG","icon":6215,"id":"86a980bf-4868-5141-be0b-95fcd30c354b@eu1.pvp.net","lastSeenOnlineTimestamp":null,"lol":{},"name":"",
[bridge] websocket <= [8,"OnJsonApiEvent",{"data":{"body":"joined_room","fromId":"86a980bf-4868-5141-be0b-95fcd30c354b","fromObfuscatedPuuid":"","fromObfuscatedSummonerId":0,"fromPid":"86a980bf-4868-5141-be0b-95fcd30c354b@
[bridge] websocket <= [8,"OnJsonApiEvent",{"data":{"availability":"chat","gameName":"Elektroney","gameTag":"Eight","icon":6793,"id":"b2cd46ed-87a8-5aeb-a092-89421545101d@eu1.pvp.net","lastSeenOnlineTimestamp":null,"lol":{}
[bridge] websocket <= [8,"OnJsonApiEvent",{"data":{"body":"joined_room","fromId":"b2cd46ed-87a8-5aeb-a092-89421545101d","fromObfuscatedPuuid":"","fromObfuscatedSummonerId":0,"fromPid":"b2cd46ed-87a8-5aeb-a092-89421545101d@
[bridge] websocket <= [8,"OnJsonApiEvent",{"data":{"availability":"","gameName":"FriedRice","gameTag":"4437","icon":4077,"id":"bd96bf2e-d9e8-51fc-8efe-25356ef2014f@eu1.pvp.net","lastSeenOnlineTimestamp":null,"lol":{},"name
[bridge] websocket <= [8,"OnJsonApiEvent",{"data":{"body":"joined_room","fromId":"bd96bf2e-d9e8-51fc-8efe-25356ef2014f","fromObfuscatedPuuid":"","fromObfuscatedSummonerId":0,"fromPid":"bd96bf2e-d9e8-51fc-8efe-25356ef2014f@
[bridge] websocket <= [8,"OnJsonApiEvent",{"data":{"availability":"chat","gameName":"Elektroney","gameTag":"Eight","icon":6793,"id":"b2cd46ed-87a8-5aeb-a092-89421545101d@eu1.pvp.net","lastSeenOnlineTimestamp":null,"lol":{}
[bridge] websocket <= [8,"OnJsonApiEvent",{"data":{"body":"joined_room","fromId":"b2cd46ed-87a8-5aeb-a092-89421545101d","fromObfuscatedPuuid":"","fromObfuscatedSummonerId":0,"fromPid":"b2cd46ed-87a8-5aeb-a092-89421545101d@
[bridge] websocket <= [8,"OnJsonApiEvent",{"data":{"availability":"","gameName":"Guffe","gameTag":"EUW","icon":969,"id":"7396a489-9088-5140-9999-cbdc465a5477@eu1.pvp.net","lastSeenOnlineTimestamp":null,"lol":{},"name":"","
[bridge] websocket <= [8,"OnJsonApiEvent",{"data":{"body":"joined_room","fromId":"7396a489-9088-5140-9999-cbdc465a5477","fromObfuscatedPuuid":"","fromObfuscatedSummonerId":0,"fromPid":"7396a489-9088-5140-9999-cbdc465a5477@
[bridge] websocket <= [8,"OnJsonApiEvent",{"data":{"availability":"chat","gameName":"Elektroney","gameTag":"Eight","icon":6793,"id":"b2cd46ed-87a8-5aeb-a092-89421545101d@eu1.pvp.net","lastSeenOnlineTimestamp":null,"lol":{}
[bridge] websocket <= [8,"OnJsonApiEvent",{"data":{"body":"joined_room","fromId":"b2cd46ed-87a8-5aeb-a092-89421545101d","fromObfuscatedPuuid":"","fromObfuscatedSummonerId":0,"fromPid":"b2cd46ed-87a8-5aeb-a092-89421545101d@
[bridge] websocket <= [8,"OnJsonApiEvent",{"data":{"availability":"","gameName":"EmoPuppyGirl","gameTag":"x3raw","icon":6930,"id":"4c7d88df-ec60-56ed-ac71-187a0b0cd6f3@eu1.pvp.net","lastSeenOnlineTimestamp":null,"lol":{},"
[bridge] websocket <= [8,"OnJsonApiEvent",{"data":{"body":"joined_room","fromId":"4c7d88df-ec60-56ed-ac71-187a0b0cd6f3","fromObfuscatedPuuid":"","fromObfuscatedSummonerId":0,"fromPid":"4c7d88df-ec60-56ed-ac71-187a0b0cd6f3@
[bridge] websocket <= [8,"OnJsonApiEvent",{"data":{"availability":"chat","gameName":"Elektroney","gameTag":"Eight","icon":6793,"id":"b2cd46ed-87a8-5aeb-a092-89421545101d@eu1.pvp.net","lastSeenOnlineTimestamp":null,"lol":{}
[bridge] websocket <= [8,"OnJsonApiEvent",{"data":{"body":"joined_room","fromId":"b2cd46ed-87a8-5aeb-a092-89421545101d","fromObfuscatedPuuid":"","fromObfuscatedSummonerId":0,"fromPid":"b2cd46ed-87a8-5aeb-a092-89421545101d@
[bridge] websocket <= [8,"OnJsonApiEvent",{"data":{"availability":"","gameName":"RoherKabeljau","gameTag":"EUW","icon":4417,"id":"3260d4d9-8493-5875-89de-7e3affc6ec5c@eu1.pvp.net","lastSeenOnlineTimestamp":null,"lol":{},"n
[bridge] websocket <= [8,"OnJsonApiEvent",{"data":{"body":"joined_room","fromId":"3260d4d9-8493-5875-89de-7e3affc6ec5c","fromObfuscatedPuuid":"","fromObfuscatedSummonerId":0,"fromPid":"3260d4d9-8493-5875-89de-7e3affc6ec5c@
[bridge] websocket <= [8,"OnJsonApiEvent",{"data":{"availability":"chat","gameName":"Elektroney","gameTag":"Eight","icon":6793,"id":"b2cd46ed-87a8-5aeb-a092-89421545101d@eu1.pvp.net","lastSeenOnlineTimestamp":null,"lol":{}
[bridge] websocket <= [8,"OnJsonApiEvent",{"data":[{"bracketFormationInitDelayMs":180000,"bracketFormationIntervalMs":180000,"bracketSize":"8","buyInOptions":[1],"buyInOptionsPremium":[1],"entryFee":1,"honorRestriction":fa
[bridge] websocket <= [8,"OnJsonApiEvent",{"data":{"body":"joined_room","fromId":"b2cd46ed-87a8-5aeb-a092-89421545101d","fromObfuscatedPuuid":"","fromObfuscatedSummonerId":0,"fromPid":"b2cd46ed-87a8-5aeb-a092-89421545101d@
[bridge] websocket <= [8,"OnJsonApiEvent",{"data":{"availability":"","gameName":"Belzebus","gameTag":"UWU","icon":6700,"id":"bad7685e-5631-5440-a9d5-55c7db6d0872@eu1.pvp.net","lastSeenOnlineTimestamp":null,"lol":{},"name":
[bridge] websocket <= [8,"OnJsonApiEvent",{"data":[],"eventType":"Update","uri":"/lol-clash/v1/currentTournamentIds"}]
[bridge] websocket <= [8,"OnJsonApiEvent",{"data":[],"eventType":"Update","uri":"/lol-clash/v1/tournament-summary"}]
[bridge] websocket <= [8,"OnJsonApiEvent",{"data":{"body":"joined_room","fromId":"bad7685e-5631-5440-a9d5-55c7db6d0872","fromObfuscatedPuuid":"","fromObfuscatedSummonerId":0,"fromPid":"bad7685e-5631-5440-a9d5-55c7db6d0872@
[bridge] websocket <= [8,"OnJsonApiEvent",{"data":[{"currentPhaseId":-1,"nextPhaseId":37382,"nextStateChangeTime":-1,"numRemainingPeriods":1,"state":"UPCOMING","tournamentId":37962},{"currentPhaseId":-1,"nextPhaseId":37381
[bridge] websocket <= [8,"OnJsonApiEvent",{"data":{"currentPhaseId":-1,"nextPhaseId":37382,"nextStateChangeTime":-1,"numRemainingPeriods":1,"state":"UPCOMING","tournamentId":37962},"eventType":"Update","uri":"/lol-clash/v1
[bridge] websocket <= [8,"OnJsonApiEvent",{"data":{"currentPhaseId":-1,"nextPhaseId":37381,"nextStateChangeTime":-1,"numRemainingPeriods":1,"state":"UPCOMING","tournamentId":37961},"eventType":"Update","uri":"/lol-clash/v1
[bridge] websocket <= [8,"OnJsonApiEvent",{"data":{"bracketId":-1,"rosterId":"","state":"NO_ROSTER"},"eventType":"Update","uri":"/lol-clash/v1/tournament/37962/player"}]
[bridge] websocket <= [8,"OnJsonApiEvent",{"data":{"availability":"chat","gameName":"Elektroney","gameTag":"Eight","icon":6793,"id":"b2cd46ed-87a8-5aeb-a092-89421545101d@eu1.pvp.net","lastSeenOnlineTimestamp":null,"lol":{}
[bridge] websocket <= [8,"OnJsonApiEvent",{"data":false,"eventType":"Create","uri":"/lol-clash/v1/tournament/37962/player-honor-restricted"}]
[bridge] websocket <= [8,"OnJsonApiEvent",{"data":{"bracketId":-1,"rosterId":"","state":"NO_ROSTER"},"eventType":"Update","uri":"/lol-clash/v1/tournament/37961/player"}]
[bridge] websocket <= [8,"OnJsonApiEvent",{"data":false,"eventType":"Create","uri":"/lol-clash/v1/tournament/37961/player-honor-restricted"}]
[bridge] websocket <= [8,"OnJsonApiEvent",{"data":[],"eventType":"Update","uri":"/lol-clash/v1/invited-roster-ids"}]
[bridge] websocket <= [8,"OnJsonApiEvent",{"data":{"body":"joined_room","fromId":"b2cd46ed-87a8-5aeb-a092-89421545101d","fromObfuscatedPuuid":"","fromObfuscatedSummonerId":0,"fromPid":"b2cd46ed-87a8-5aeb-a092-89421545101d@
[bridge] websocket <= [8,"OnJsonApiEvent",{"data":[{"availability":"","gameName":"RoherKabeljau","gameTag":"EUW","icon":4417,"id":"3260d4d9-8493-5875-89de-7e3affc6ec5c@eu1.pvp.net","lastSeenOnlineTimestamp":null,"lol":{},"
[bridge] websocket <= [8,"OnJsonApiEvent",{"data":[{"availability":"","gameName":"EmoPuppyGirl","gameTag":"x3raw","icon":6930,"id":"4c7d88df-ec60-56ed-ac71-187a0b0cd6f3@eu1.pvp.net","lastSeenOnlineTimestamp":null,"lol":{},
[bridge] websocket <= [8,"OnJsonApiEvent",{"data":[{"availability":"","gameName":"Guffe","gameTag":"EUW","icon":969,"id":"7396a489-9088-5140-9999-cbdc465a5477@eu1.pvp.net","lastSeenOnlineTimestamp":null,"lol":{},"name":"",
[bridge] websocket <= [8,"OnJsonApiEvent",{"data":[{"availability":"","gameName":"Ares","gameTag":"TTXG","icon":6215,"id":"86a980bf-4868-5141-be0b-95fcd30c354b@eu1.pvp.net","lastSeenOnlineTimestamp":null,"lol":{},"name":""
[bridge] websocket <= [8,"OnJsonApiEvent",{"data":[{"availability":"","gameName":"Belzebus","gameTag":"UWU","icon":6700,"id":"bad7685e-5631-5440-a9d5-55c7db6d0872@eu1.pvp.net","lastSeenOnlineTimestamp":null,"lol":{},"name"
[bridge] websocket <= [8,"OnJsonApiEvent",{"data":[{"availability":"","gameName":"FriedRice","gameTag":"4437","icon":4077,"id":"bd96bf2e-d9e8-51fc-8efe-25356ef2014f@eu1.pvp.net","lastSeenOnlineTimestamp":null,"lol":{},"nam
[bridge] websocket <= [8,"OnJsonApiEvent",{"data":[],"eventType":"Create","uri":"/lol-inventory/v2/inventory/OPAL_ACHIEVEMENT"}]
[bridge] websocket <= [8,"OnJsonApiEvent",{"data":true,"eventType":"Update","uri":"/lol-metagames/v1/ready"}]
[bridge] websocket <= [8,"OnJsonApiEvent",{"data":{"products":{"bacon":{"id":"bacon","name":"Legends of Runeterra","patchlines":{"bacon.live":{"content_cookies":[],"content_paths":{"social":"https://bacon.secure.dyn.riotcd
[bridge] websocket <= [8,"OnJsonApiEvent",{"data":{"activeMilestone":{"description":"Use Realm Crystals to purchase content from the Rotating Shop!","iconImageUrl":"/lol-game-data/assets/ASSETS/UX/TFT/OutOfGame/BattlePass/
[bridge] websocket <= [8,"OnJsonApiEvent",{"data":{"accountId":2046794905170656,"modified":false,"timestamp":0},"eventType":"Update","uri":"/data-store/v1/install-settings/game-settings"}]
[bridge] websocket <= [8,"OnJsonApiEvent",{"data":[{"activeMilestone":{"description":"Use Realm Crystals to purchase content from the Rotating Shop!","iconImageUrl":"/lol-game-data/assets/ASSETS/UX/TFT/OutOfGame/BattlePass
[bridge] websocket <= [8,"OnJsonApiEvent",{"data":[{"expirationDate":"","f2p":true,"inventoryType":"SPELL_BOOK_PAGE","itemId":1,"loyalty":false,"loyaltySources":[],"owned":true,"ownershipType":"OWNED","payload":null,"purch
[bridge] websocket <= [8,"OnJsonApiEvent",{"data":{"canAddCustomPage":true,"customPageCount":0,"isCustomPageCreationUnlocked":true,"ownedPageCount":13},"eventType":"Update","uri":"/lol-perks/v1/inventory"}]
[bridge] websocket <= [8,"OnJsonApiEvent",{"data":{"sessionExpire":0,"sessionState":"connected"},"eventType":"Update","uri":"/lol-chat/v1/session"}]
[bridge] websocket <= [8,"OnJsonApiEvent",{"data":{"sessionExpire":0,"sessionState":"loaded"},"eventType":"Update","uri":"/lol-chat/v1/session"}]
[bridge] websocket <= [8,"OnJsonApiEvent",{"data":{"availability":"chat","gameName":"Elektroney","gameTag":"Eight","icon":6793,"id":"b2cd46ed-87a8-5aeb-a092-89421545101d@eu1.pvp.net","lastSeenOnlineTimestamp":null,"lol":{"
[bridge] websocket <= [8,"OnJsonApiEvent",{"data":{"accountId":2046794905170656,"availability":"chat","discordId":null,"discordOnlineStatus":null,"gameName":"Elektroney","gameTag":"Eight","icon":6793,"id":"b2cd46ed-87a8-5a
[renderer:1]   rcp-fe-lol-lock-and-load| [startup] Waiting for Home Hubs to load (http://127.0.0.1:59661/fe/common-libs/rcp-fe-common-libs.js?t=1779656031494:1)
[bridge] websocket <= [8,"OnJsonApiEvent",{"data":[{"expirationDate":"","f2p":true,"inventoryType":"TFT_EVENT_PVE_BUDDY","itemId":1,"loyalty":false,"loyaltySources":[],"owned":false,"ownershipType":"F2P","payload":null,"pu
[bridge] websocket <= [8,"OnJsonApiEvent",{"data":[{"activeMilestone":{"description":"All new and existing players who have enabled notifications get exclusive rewards for 5 Sets!<br><br>50 Treasure Tokens","iconImageUrl":
[request:error] net::ERR_CACHE_MISS GET http://127.0.0.1:59661/fe/lol-esports-spectate/assets/shentox/shentox.ttf
[request:error] net::ERR_CACHE_MISS GET http://127.0.0.1:59661/fe/lol-esports-spectate/assets/shentox/shentox-semibold.ttf
[request:error] net::ERR_CACHE_MISS GET http://127.0.0.1:59661/fe/lol-esports-spectate/assets/shentox/shentox-light.ttf
[request:error] net::ERR_CACHE_MISS GET http://127.0.0.1:59661/fe/lol-typekit/fonts/spiegel/Spiegel-Regular.otf
[request:error] net::ERR_CACHE_MISS GET http://127.0.0.1:59661/fe/lol-typekit/fonts/spiegel/Spiegel-SemiBold.otf
[request:error] net::ERR_CACHE_MISS GET http://127.0.0.1:59661/fe/lol-typekit/fonts/spiegel/Spiegel-Bold.otf
[request:error] net::ERR_CACHE_MISS GET http://127.0.0.1:59661/fe/lol-typekit/fonts/spiegel/Spiegel-RegularItalic.otf
[request:error] net::ERR_CACHE_MISS GET http://127.0.0.1:59661/fe/lol-typekit/fonts/spiegel/Spiegel-SemiBoldItalic.otf
[request:error] net::ERR_CACHE_MISS GET http://127.0.0.1:59661/fe/lol-typekit/fonts/spiegel/Spiegel-BoldItalic.otf
[request:error] net::ERR_CACHE_MISS GET http://127.0.0.1:59661/fe/lol-typekit/fonts/beaufort/BeaufortForLoL-Light.otf
[request:error] net::ERR_CACHE_MISS GET http://127.0.0.1:59661/fe/lol-typekit/fonts/beaufort/BeaufortForLoL-Regular.otf
[request:error] net::ERR_CACHE_MISS GET http://127.0.0.1:59661/fe/lol-typekit/fonts/beaufort/BeaufortForLoL-Medium.otf
[request:error] net::ERR_CACHE_MISS GET http://127.0.0.1:59661/fe/lol-typekit/fonts/beaufort/BeaufortForLoL-Bold.otf
[request:error] net::ERR_CACHE_MISS GET http://127.0.0.1:59661/fe/lol-typekit/fonts/beaufort/BeaufortForLoL-Heavy.otf
[request:error] net::ERR_CACHE_MISS GET http://127.0.0.1:59661/fe/lol-typekit/fonts/beaufort/BeaufortForLoL-LightItalic.otf
[request:error] net::ERR_CACHE_MISS GET http://127.0.0.1:59661/fe/lol-typekit/fonts/beaufort/BeaufortForLoL-Italic.otf
[request:error] net::ERR_CACHE_MISS GET http://127.0.0.1:59661/fe/lol-typekit/fonts/beaufort/BeaufortForLoL-MediumItalic.otf
[request:error] net::ERR_CACHE_MISS GET http://127.0.0.1:59661/fe/lol-typekit/fonts/beaufort/BeaufortForLoL-BoldItalic.otf
[request:error] net::ERR_CACHE_MISS GET http://127.0.0.1:59661/fe/lol-typekit/fonts/beaufort/BeaufortForLoL-HeavyItalic.otf
[renderer:2] Datadog Browser SDK: Customer data exceeds the recommended 3KiB threshold. More details: https://docs.datadoghq.com/real_user_monitoring/browser/troubleshooting/#customer-data-exceeds-the-recommended-threshold-warning (http://127.0.0.1:59661/fe/common-libs/rcp-fe-common-libs.js?t=1779656031494:1)
[bridge] websocket <= [8,"OnJsonApiEvent",{"data":[{"active":true,"celebrationType":"NONE","childRewardGroupIds":[],"id":"36837a0c-1a30-433a-b5e9-fe50e2967caa","localizations":{"description":"","title":"Hangzhou 2022 IV"},
[bridge] websocket <= [8,"OnJsonApiEvent",{"data":[{"allowedSubStyles":[8200,8400,8300,8100],"assetMap":{"p8000_s0_k0":"/lol-game-data/assets/v1/perk-images/Styles/Precision/p8000_s0_k0.jpg","p8000_s0_k8005":"/lol-game-dat
[bridge] websocket <= [8,"OnJsonApiEvent",{"data":[],"eventType":"Create","uri":"/lol-inventory/v2/inventory/QUEUE_ENTRY"}]
[bridge] websocket <= [8,"OnJsonApiEvent",{"data":[],"eventType":"Update","uri":"/lol-perks/v1/perks/disabled"}]
[bridge] websocket <= [8,"OnJsonApiEvent",{"data":{"canAddCustomPage":true,"customPageCount":0,"isCustomPageCreationUnlocked":true,"ownedPageCount":13},"eventType":"Update","uri":"/lol-perks/v1/inventory"}]
[bridge] websocket <= [8,"OnJsonApiEvent",{"data":[],"eventType":"Update","uri":"/lol-rewards/v1/grants"}]
[electron] screenshot C:\Users\offle\Desktop\New folder (7)\league-electron-screenshot-10s.png
[electron] state:10s {"href":"http://127.0.0.1:59661/index.html","title":"","innerWidth":1280,"innerHeight":720,"bodyWidth":1280,"bodyHeight":720,"bodyTransform":"none","manualDragAt100x10":true,"manualDragAt500x10":true,"manualDragAtRightControls":false,"dragElementTag":"DIV","dragElementRegion":"no-drag","partyTooltipTextPresent":false,"scripts":42,"loadingExists":true,"bodyText":"","keys":["riotInvoke"],"contentSize":[1280,720],"bounds":{"x":320,"y":156,"width":1280,"height":720},"zoomFactor":1}
[bridge] websocket <= [8,"OnJsonApiEvent",{"data":[{"expirationDate":"","f2p":false,"inventoryType":"SUMMONER_ICON","itemId":0,"loyalty":false,"loyaltySources":[],"owned":false,"ownershipType":"OWNED","payload":null,"purch
[bridge] websocket <= [8,"OnJsonApiEvent",{"data":[{"progressRequired":400,"rewardOptions":[{"cardSize":"kDefault","celebrationType":"TOAST","headerType":"PREMIUM","overrideFooter":"3","rewardDescription":"Unlock a skin sh
[bridge] websocket <= [8,"OnJsonApiEvent",{"data":[{"progressRequired":19600,"rewardOptions":[{"cardSize":"kDefault","celebrationType":"TOAST","headerType":"FREE","overrideFooter":"750","rewardDescription":"Use to unlock c
[bridge] websocket <= [8,"OnJsonApiEvent",{"data":{"currentLevelXP":276,"futureLevelProgress":0,"iteration":0,"level":65,"levelProgress":100,"passProgress":26276,"totalLevelXP":400,"totalLevels":48},"eventType":"Update","u
[bridge] websocket <= [8,"OnJsonApiEvent",{"data":{"currentLevelXP":276,"futureLevelProgress":0,"iteration":3,"level":0,"levelProgress":69,"passProgress":26276,"totalLevelXP":400,"totalLevels":0},"eventType":"Update","uri"
[bridge] websocket <= [8,"OnJsonApiEvent",{"data":{"currentLevel":64,"currentLevelXP":276,"isBonusPhase":true,"iteration":3,"totalLevelXP":400},"eventType":"Update","uri":"/lol-event-hub/v1/events/62e1f515-1815-475c-b402-3
[bridge] websocket <= [8,"OnJsonApiEvent",{"data":{"lockedTokensCount":0,"rewardsCount":0,"timeOfLastUnclaimedReward":-1},"eventType":"Update","uri":"/lol-event-hub/v1/events/62e1f515-1815-475c-b402-3a6d29269d4e/reward-tra
[bridge] websocket <= [8,"OnJsonApiEvent",{"data":{"currentChapter":{"backgroundImage":"/lol-game-data/assets/ASSETS/Seasons/images/PANDEMONIUM/S2_26_Pandemonium-BattlePass_BG-1055x720_v2.png","cardImage":"/lol-game-data/a
[bridge] websocket <= [8,"OnJsonApiEvent",{"data":{"chapters":[{"backgroundImage":"/lol-game-data/assets/ASSETS/Seasons/images/PANDEMONIUM/S2_26_Pandemonium-BattlePass_BG-1055x720_v2.png","cardImage":"/lol-game-data/assets
[bridge] websocket <= [8,"OnJsonApiEvent",{"data":[{"progressRequired":150,"rewardOptions":[{"cardSize":"kDefault","celebrationType":"TOAST","headerType":"FREE","overrideFooter":"1","rewardDescription":"Red envelopes appea
[bridge] websocket <= [8,"OnJsonApiEvent",{"data":[],"eventType":"Update","uri":"/lol-event-hub/v1/events/675bc323-891c-49f8-8314-8a6f38eb2589/reward-track/bonus-items"}]
[bridge] websocket <= [8,"OnJsonApiEvent",{"data":{"currentLevelXP":100,"futureLevelProgress":0,"iteration":0,"level":9,"levelProgress":50,"passProgress":1600,"totalLevelXP":200,"totalLevels":32},"eventType":"Update","uri"
[bridge] websocket <= [8,"OnJsonApiEvent",{"data":{"currentLevelXP":0,"futureLevelProgress":0,"iteration":0,"level":0,"levelProgress":0,"passProgress":0,"totalLevelXP":0,"totalLevels":0},"eventType":"Update","uri":"/lol-ev
[bridge] websocket <= [8,"OnJsonApiEvent",{"data":{"currentLevel":9,"currentLevelXP":100,"isBonusPhase":false,"iteration":0,"totalLevelXP":200},"eventType":"Update","uri":"/lol-event-hub/v1/events/675bc323-891c-49f8-8314-8
[bridge] websocket <= [8,"OnJsonApiEvent",{"data":{"lockedTokensCount":0,"rewardsCount":0,"timeOfLastUnclaimedReward":-1},"eventType":"Update","uri":"/lol-event-hub/v1/events/675bc323-891c-49f8-8314-8a6f38eb2589/reward-tra
[bridge] websocket <= [8,"OnJsonApiEvent",{"data":{"currentChapter":{"backgroundImage":"/lol-game-data/assets/ASSETS/Seasons/images/Mayhem/eventhub-bg1055x719.png","cardImage":"/lol-game-data/assets/ASSETS/Seasons/images/t
[bridge] websocket <= [8,"OnJsonApiEvent",{"data":{"chapters":[{"backgroundImage":"/lol-game-data/assets/ASSETS/Seasons/images/Mayhem/eventhub-bg1055x719.png","cardImage":"/lol-game-data/assets/ASSETS/Seasons/images/test-s
[bridge] websocket <= [8,"OnJsonApiEvent",{"data":[{"expirationDate":"","f2p":true,"inventoryType":"TFT_EVENT_PVE_DIFFICULTY","itemId":2,"loyalty":false,"loyaltySources":[],"owned":false,"ownershipType":"F2P","payload":nul
[bridge] websocket <= [8,"OnJsonApiEvent",{"data":null,"eventType":"Create","uri":"/lol-client-config/v3/client-config/lol.client_settings.store.show_alias_success_modal"}]
[request:404] GET http://127.0.0.1:59661/lol-gameflow/v1/session
[bridge] websocket <= [8,"OnJsonApiEvent",{"data":{"data":{"pages":[],"perShardPerkBooks":{"euw1":{"currentPageId":247721459,"pages":[{"autoModifiedSelections":[],"current":true,"id":247721459,"isActive":false,"isDeletable
[bridge] websocket <= [8,"OnJsonApiEvent",{"data":{"gameplayPatchVersionSeen":"16.9","gameplayUpdatedPerksSeen":[],"gridModeEnabled":true,"showLongDescriptions":true,"showPresetPages":true},"eventType":"Update","uri":"/lol
[bridge] websocket <= [8,"OnJsonApiEvent",{"data":{"data":{"pages":[],"perShardPerkBooks":{"euw1":{"currentPageId":247721459,"pages":[{"autoModifiedSelections":[],"current":true,"id":247721459,"isActive":false,"isDeletable
[bridge] websocket <= [8,"OnJsonApiEvent",{"data":[{"autoModifiedSelections":[],"current":true,"id":247721459,"isActive":false,"isDeletable":true,"isEditable":true,"isRecommendationOverride":false,"isTemporary":false,"isVa
[bridge] websocket <= [8,"OnJsonApiEvent",{"data":[8230,8992,9923],"eventType":"Update","uri":"/lol-perks/v1/perks/gameplay-updated"}]
[bridge] websocket <= [8,"OnJsonApiEvent",{"data":"16.10.7765552+branch.releases-16-10.code.public.content.release.anticheat.vanguard","eventType":"Update","uri":"/lol-patch/v1/game-version"}]
[bridge] websocket <= [8,"OnJsonApiEvent",{"data":{"action":"Idle","components":[{"action":"Idle","id":"lol_game_client_sln","isCorrupted":false,"isUpToDate":true,"isUpdateAvailable":false,"progress":null,"timeOfLastUpToDa
[bridge] websocket <= [8,"OnJsonApiEvent",{"data":{"action":"Idle","components":[{"action":"Idle","id":"lol_game_client_sln","isCorrupted":false,"isUpToDate":true,"isUpdateAvailable":false,"progress":null,"timeOfLastUpToDa
[bridge] websocket <= [8,"OnJsonApiEvent",{"data":[{"expirationDate":"","f2p":false,"inventoryType":"EMOTE","itemId":3589,"loyalty":false,"loyaltySources":[],"owned":true,"ownershipType":"OWNED","payload":{},"purchaseDate"
[bridge] websocket <= [8,"OnJsonApiEvent",{"data":{"accountId":2046794905170656,"modified":true,"timestamp":0},"eventType":"Update","uri":"/data-store/v1/install-settings/game-settings"}]
[bridge] websocket <= [8,"OnJsonApiEvent",{"data":{"GameEvents":{"evntPlayerPing":"[Alt][Button 1]","evntPlayerPingCursor":"[g]","evntPlayerPingCursorDanger":"[<Unbound>]","evntPlayerPingDanger":"[Ctrl][Button 1]","evtCame
[bridge] websocket <= [8,"OnJsonApiEvent",{"data":{"showFirstExperienceInGame":true,"showFirstExperienceInLCU":false},"eventType":"Update","uri":"/lol-premade-voice/v1/first-experience"}]
[bridge] websocket <= [8,"OnJsonApiEvent",{"data":{"autoJoin":false,"autoJoinTeamVoice":false,"currentCaptureDeviceHandle":"Default System Device","inputMode":"voiceActivity","localMicMuted":false,"loopbackEnabled":false,"
[bridge] websocket <= [8,"OnJsonApiEvent",{"data":{"connectedToVoiceServer":true,"disabledAfterLogin":false,"enabled":true,"showDisconnectedState":false,"showUI":true,"voiceChannelAvailable":false},"eventType":"Update","ur
[request:404] GET http://127.0.0.1:59661/lol-gameflow/v1/session
[bridge] websocket <= [8,"OnJsonApiEvent",{"data":"RIOT","eventType":"Create","uri":"/lol-client-config/v3/client-config/lol.client_settings.payments.paymentsMode"}]
[bridge] websocket <= [8,"OnJsonApiEvent",{"data":{"isAvailable":false,"state":"EligibilityInfoMissing"},"eventType":"Update","uri":"/lol-gameflow/v1/availability"}]
[bridge] websocket <= [8,"OnJsonApiEvent",{"data":1779656035723,"eventType":"Update","uri":"/lol-clash/v1/time"}]
[bridge] websocket <= [8,"OnJsonApiEvent",{"data":{"gameVersion":"16.10.776.5552","isInTournament":false,"isLoggedIn":true,"isPatching":false,"isPlayingGame":false,"isPlayingReplay":false,"isReplaysEnabled":true,"isReplays
[bridge] websocket <= [8,"OnJsonApiEvent",{"data":false,"eventType":"Update","uri":"/lol-clash/v1/checkin-allowed"}]
[bridge] websocket <= [8,"OnJsonApiEvent",{"data":false,"eventType":"Update","uri":"/lol-clash/v1/playmode-restricted"}]
[bridge] websocket <= [8,"OnJsonApiEvent",{"data":{"isRestricted":false,"phaseId":-1,"presenceState":"NONE","readyForVoice":false,"rosterId":"","tournamentId":-1},"eventType":"Update","uri":"/lol-clash/v2/playmode-restrict
[renderer:1]          rcp-fe-ember-libs| reasons.play.enabled, Play button enabled (http://127.0.0.1:59661/fe/common-libs/rcp-fe-common-libs.js?t=1779656031494:1)
[bridge] websocket <= [8,"OnJsonApiEvent",{"data":[{"expirationDate":"","f2p":true,"inventoryType":"TFT_PLAYBOOK","itemId":1,"loyalty":false,"loyaltySources":[],"owned":false,"ownershipType":"F2P","payload":null,"purchaseD
[bridge] websocket <= [8,"OnJsonApiEvent",{"data":{"defaultItemId":1,"groups":[{"groupId":1,"groupName":"Test group name","items":[{"contentId":"dfb8fed0-e28f-4f03-ae2f-3d1ba59574ca","description":"No tailoring, just a cla
[bridge] websocket <= [8,"OnJsonApiEvent",{"data":[{"expirationDate":"","f2p":false,"inventoryType":"ARAM_BOON","itemId":1,"loyalty":false,"loyaltySources":[],"owned":true,"ownershipType":"OWNED","payload":null,"purchaseDa
[bridge] websocket <= [8,"OnJsonApiEvent",{"data":{"data":{"Set10R":1747265400000,"rotational-shop-mythic":1,"rotational-shop-nav":1,"trovesV2":1},"schemaVersion":0},"eventType":"Update","uri":"/lol-settings/v1/account/Ver
[bridge] websocket <= [8,"OnJsonApiEvent",{"data":{"data":{"Set10R":1747265400000,"rotational-shop-mythic":1,"rotational-shop-nav":1,"trovesV2":1},"schemaVersion":0},"eventType":"Update","uri":"/lol-settings/v2/account/TFT
[bridge] websocket <= [8,"OnJsonApiEvent",{"data":[],"eventType":"Create","uri":"/lol-inventory/v2/inventory/AUGMENT"}]
[bridge] websocket <= [8,"OnJsonApiEvent",{"data":[{"championId":1,"milestonesPassed":0,"sets":[{"milestonesPassed":0,"name":"Series 1","stonesAvailable":3,"stonesIlluminated":0,"stonesOwned":0},{"milestonesPassed":0,"name
[request:404] GET http://127.0.0.1:59661/lol-platform-config/v1/namespaces/ChampionMasteryConfig/RequirementPerLevel
[request:404] GET http://127.0.0.1:59661/lol-login/v1/login-queue-state
[request:404] GET http://127.0.0.1:59661/lol-gameflow/v1/session
[request:404] GET http://127.0.0.1:59661/lol-shutdown/v1/notification
[request:404] GET http://127.0.0.1:59661/lol-gameflow/v1/game-client
[renderer:1]      rcp-fe-lol-navigation| handleGameflowSession gameflowSession: null (http://127.0.0.1:59661/fe/common-libs/rcp-fe-common-libs.js?t=1779656031494:1)
[renderer:1]      rcp-fe-lol-navigation| handleGameflowSession gameflowSession: null (http://127.0.0.1:59661/fe/common-libs/rcp-fe-common-libs.js?t=1779656031494:1)
[renderer:1]      rcp-fe-lol-navigation| handleGameflowSession gameflowSession: null (http://127.0.0.1:59661/fe/common-libs/rcp-fe-common-libs.js?t=1779656031494:1)
[renderer:1]      rcp-fe-lol-navigation| handleGameflowSession gameflowSession: null (http://127.0.0.1:59661/fe/common-libs/rcp-fe-common-libs.js?t=1779656031494:1)
[renderer:1]      rcp-fe-lol-navigation| handleGameflowSession gameflowSession: null (http://127.0.0.1:59661/fe/common-libs/rcp-fe-common-libs.js?t=1779656031494:1)
[renderer:1]      rcp-fe-lol-navigation| handleGameflowSession gameflowSession: null (http://127.0.0.1:59661/fe/common-libs/rcp-fe-common-libs.js?t=1779656031494:1)
[renderer:1]      rcp-fe-lol-navigation| handleGameflowSession gameflowSession: null (http://127.0.0.1:59661/fe/common-libs/rcp-fe-common-libs.js?t=1779656031494:1)
[renderer:1]      rcp-fe-lol-navigation| handleGameflowSession gameflowSession: null (http://127.0.0.1:59661/fe/common-libs/rcp-fe-common-libs.js?t=1779656031494:1)
[renderer:1]      rcp-fe-lol-navigation| handleGameflowSession gameflowSession: null (http://127.0.0.1:59661/fe/common-libs/rcp-fe-common-libs.js?t=1779656031494:1)
[renderer:1]      rcp-fe-lol-navigation| handleGameflowSession gameflowSession: null (http://127.0.0.1:59661/fe/common-libs/rcp-fe-common-libs.js?t=1779656031494:1)
[renderer:1]      rcp-fe-lol-navigation| handleGameflowSession gameflowSession: null (http://127.0.0.1:59661/fe/common-libs/rcp-fe-common-libs.js?t=1779656031494:1)
[renderer:1]      rcp-fe-lol-navigation| handleGameflowSession gameflowSession: null (http://127.0.0.1:59661/fe/common-libs/rcp-fe-common-libs.js?t=1779656031494:1)
[renderer:1]      rcp-fe-lol-navigation| handleGameflowSession gameflowSession: null (http://127.0.0.1:59661/fe/common-libs/rcp-fe-common-libs.js?t=1779656031494:1)
[bridge] websocket <= [8,"OnJsonApiEvent",{"data":[],"eventType":"Create","uri":"/lol-inventory/v2/inventory/CURRENCY"}]
[bridge] websocket <= [8,"OnJsonApiEvent",{"data":{"data":{"eventSetLastViewed":false,"hasViewedTeamPlanner":true,"previouslyUsedContext":{"optionalTeamId":"","setId":"","sortOption":0,"viewId":0},"registeredTeamIndex":0,"
[bridge] websocket <= [8,"OnJsonApiEvent",{"data":"TFTSet17","eventType":"Update","uri":"/lol-tft-team-planner/v1/set"}]
[bridge] websocket <= [8,"OnJsonApiEvent",{"data":[],"eventType":"Update","uri":"/lol-tft-team-planner/v2/reminders"}]
[bridge] websocket <= [8,"OnJsonApiEvent",{"data":true,"eventType":"Update","uri":"/lol-tft-team-planner/v1/ftue/hasViewed"}]
[bridge] websocket <= [8,"OnJsonApiEvent",{"data":{"optionalTeamId":"","setId":"","sortOption":0,"viewId":0},"eventType":"Update","uri":"/lol-tft-team-planner/v1/previous-context"}]
[bridge] websocket <= [8,"OnJsonApiEvent",{"data":{"data":{"eventSetLastViewed":false,"hasViewedTeamPlanner":true,"previouslyUsedContext":{"optionalTeamId":"","setId":"","sortOption":0,"viewId":0},"registeredTeamIndex":0,"
[bridge] websocket <= [8,"OnJsonApiEvent",{"data":true,"eventType":"Update","uri":"/lol-settings/v2/ready"}]
[bridge] websocket <= [8,"OnJsonApiEvent",{"data":{"data":{"FloatingText":{"Damage_Enabled":true,"Dodge_Enabled":true,"EnemyDamage_Enabled":true,"Experience_Enabled":true,"Gold_Enabled":true,"Heal_Enabled":true,"Invulnerab
[bridge] websocket <= [8,"OnJsonApiEvent",{"data":{"data":{"FloatingText":{"Damage_Enabled":true,"Dodge_Enabled":true,"EnemyDamage_Enabled":true,"Experience_Enabled":true,"Gold_Enabled":true,"Heal_Enabled":true,"Invulnerab
[bridge] websocket <= [8,"OnJsonApiEvent",{"data":{"data":{"GameEvents":{"evntPlayerPing":"[Alt][Button 1]","evntPlayerPingCursor":"[g]","evntPlayerPingCursorDanger":"[<Unbound>]","evntPlayerPingDanger":"[Ctrl][Button 1]",
[bridge] websocket <= [8,"OnJsonApiEvent",{"data":{"data":{"GameEvents":{"evntPlayerPing":"[Alt][Button 1]","evntPlayerPingCursor":"[g]","evntPlayerPingCursorDanger":"[<Unbound>]","evntPlayerPingDanger":"[Ctrl][Button 1]",
[bridge] websocket <= [8,"OnJsonApiEvent",{"data":{"data":{"GameEvents":{"evntPlayerPing":"[Alt][Button 1]","evntPlayerPingCursor":"[g]","evntPlayerPingCursorDanger":"[<Unbound>]","evntPlayerPingDanger":"[Ctrl][Button 1]",
[bridge] websocket <= [8,"OnJsonApiEvent",{"data":{"data":{"GameEvents":{"evntPlayerPing":"[Alt][Button 1]","evntPlayerPingCursor":"[g]","evntPlayerPingCursorDanger":"[<Unbound>]","evntPlayerPingDanger":"[Ctrl][Button 1]",
[renderer:1]          rcp-fe-ember-libs| reasons.play.disabled, Play button disabled:, detail=["Vanguard is not connected or enabled"] (http://127.0.0.1:59661/fe/common-libs/rcp-fe-common-libs.js?t=1779656031494:1)
[bridge] websocket <= [8,"OnJsonApiEvent",{"data":{"data":{"TFTContentRetierModalViewed":true,"TFTLootDepPostModalViewed":true,"TFTLootDepPreModalViewed":true,"TFTRandomFavoritesToggle":false,"iconOverride":"summonerIcon",
[request:404] GET http://127.0.0.1:59661/lol-matchmaking/v1/ready-check
[bridge] websocket <= [8,"OnJsonApiEvent",{"data":{"data":{"TFTContentRetierModalViewed":true,"TFTLootDepPostModalViewed":true,"TFTLootDepPreModalViewed":true,"TFTRandomFavoritesToggle":false,"iconOverride":"summonerIcon",
[renderer:1]      rcp-fe-lol-navigation| handleReadyCheck readyCheck: null (http://127.0.0.1:59661/fe/common-libs/rcp-fe-common-libs.js?t=1779656031494:1)
[bridge] websocket <= [8,"OnJsonApiEvent",{"data":{"accountId":2046794905170656,"modified":true,"timestamp":0},"eventType":"Update","uri":"/data-store/v1/install-settings/lcu-settings"}]
[bridge] websocket <= [8,"OnJsonApiEvent",{"data":1779656036469,"eventType":"Update","uri":"/lol-clash/v1/time"}]
[bridge] websocket <= [8,"OnJsonApiEvent",{"data":[{"id":"registration_open_tournament_37941","status":"ACKNOWLEDGED"},{"id":"registration_open_tournament_37942","status":"ACKNOWLEDGED"}],"eventType":"Update","uri":"/lol-c
[bridge] websocket <= [8,"OnJsonApiEvent",{"data":{"autoJoin":false,"autoJoinTeamVoice":false,"currentCaptureDeviceHandle":"Default System Device","inputMode":"voiceActivity","localMicMuted":false,"loopbackEnabled":false,"
[bridge] websocket <= [8,"OnJsonApiEvent",{"data":[{"activeEventId":"62e1f515-1815-475c-b402-3a6d29269d4e","eventName":"Season 2: Act I","eventType":"kSeasonPass","iconPath":"/lol-game-data/assets/ASSETS/PlayerTitles/S2_Pa
[bridge] websocket <= [8,"OnJsonApiEvent",{"data":{"connectedToVoiceServer":true,"disabledAfterLogin":false,"enabled":true,"showDisconnectedState":false,"showUI":true,"voiceChannelAvailable":false},"eventType":"Update","ur
[bridge] websocket <= [8,"OnJsonApiEvent",{"data":{"data":{"simpleStateFlagIds":["registration_open_tournament_37941","registration_open_tournament_37942"]},"schemaVersion":1},"eventType":"Update","uri":"/lol-settings/v1/l
[bridge] websocket <= [8,"OnJsonApiEvent",{"data":{"data":{"simpleStateFlagIds":["registration_open_tournament_37941","registration_open_tournament_37942"]},"schemaVersion":1},"eventType":"Update","uri":"/lol-settings/v2/l
[renderer:1]          rcp-fe-ember-libs| reasons.play.disabled, Play button disabled:, detail=["gameflow is not enabled","Vanguard is not connected or enabled"] (http://127.0.0.1:59661/fe/common-libs/rcp-fe-common-libs.js?t=1779656031494:1)
[request:404] GET http://127.0.0.1:59661/lol-player-behavior/v1/ban
[request:404] GET http://127.0.0.1:59661/lol-player-behavior/v1/reform-card
[renderer:2]      rcp-fe-lol-navigation| deprecation: addItem should receive keys through the options hash., detail={"item":{"id":"rcp-fe-lol-event-hub#62e1f515-1815-475c-b402-3a6d29269d4e"},"options":{"id":"rcp-fe-lol-event-hub#62e1f515-1815-475c-b402-3a6d29269d4e","displayName":"Season 2: Act I","priority":20,"active":false,"iconPath":"/lol-game-data/assets/ASSETS/PlayerTitles/S2_Pandemonium_icon_gold_128x128.png","rawEventId":"62e1f515-1815-475c-b402-3a6d29269d4e"}} (http://127.0.0.1:59661/fe/common-libs/rcp-fe-common-libs.js?t=1779656031494:1)
[renderer:2]      rcp-fe-lol-navigation| deprecation: addItem should receive keys through the options hash., detail={"item":{"id":"rcp-fe-lol-event-hub#675bc323-891c-49f8-8314-8a6f38eb2589"},"options":{"id":"rcp-fe-lol-event-hub#675bc323-891c-49f8-8314-8a6f38eb2589","displayName":"Mayhem Progression Track","priority":19,"active":false,"iconPath":"/lol-game-data/assets/ASSETS/Seasons/images/Mayhem/nav-bar-icon.svg","rawEventId":"675bc323-891c-49f8-8314-8a6f38eb2589"}} (http://127.0.0.1:59661/fe/common-libs/rcp-fe-common-libs.js?t=1779656031494:1)
[renderer:1]      rcp-fe-lol-navigation| Vanguard Modal region: EUW (http://127.0.0.1:59661/fe/common-libs/rcp-fe-common-libs.js?t=1779656031494:1)
[bridge] websocket <= [8,"OnJsonApiEvent",{"data":[],"eventType":"Update","uri":"/lol-vanguard/v1/notification"}]
[bridge] websocket <= [8,"OnJsonApiEvent",{"data":null,"eventType":"Create","uri":"/lol-client-config/v3/client-config/lol.client_settings.show_win7_notification_on_every_startup"}]
[bridge] websocket <= [8,"OnJsonApiEvent",{"data":null,"eventType":"Create","uri":"/lol-client-config/v3/client-config/lol.client_settings.tft.tft_pass_upgrade"}]
[bridge] websocket <= [8,"OnJsonApiEvent",{"data":"A","eventType":"Create","uri":"/lol-client-config/v3/client-config/lol.experiments.eh_pass_eat"}]
[bridge] websocket <= [8,"OnJsonApiEvent",{"data":true,"eventType":"Create","uri":"/lol-client-config/v3/client-config/lol.client_settings.collections.collection_nav_enabled"}]
[bridge] websocket <= [8,"OnJsonApiEvent",{"data":{"endTime":"2026-06-02T17:00:00.000+00:00","hubEnabled":true,"name":"YS2.2026","startTime":"2026-05-05T17:00:00.000+00:00"},"eventType":"Update","uri":"/lol-yourshop/v1/sta
[bridge] websocket <= [8,"OnJsonApiEvent",{"data":[{"expirationDate":"","f2p":false,"inventoryType":"SKIN_BORDER","itemId":65,"loyalty":false,"loyaltySources":[],"owned":true,"ownershipType":"OWNED","payload":null,"purchas
[request:404] GET http://127.0.0.1:59661/lol-platform-config/v1/namespaces/LcuLobby/RankedProgressionEnabled
[bridge] websocket <= [8,"OnJsonApiEvent",{"data":"480,490,400,420,440,2400,450,700,720,870,880,890,6130,1210,6100,6110,6120,1090,1100,1110,1160,1130,1840,1700,2300,1900,2000,2010,2020,2200,4210,4220,4240,4250,4260","event
[request:404] GET http://127.0.0.1:59661/lol-lobby/v2/lobby
[request:404] GET http://127.0.0.1:59661/lol-activity-center/v1/debug/force-error
[request:404] GET http://127.0.0.1:59661/debug/destroy-all-persistent-layer-iframes
[request:404] GET http://127.0.0.1:59661/lol-rewards/v1/replay
[request:405] GET http://127.0.0.1:59661/lol-rewards/v1/celebrations/fsc
[bridge] websocket <= [8,"OnJsonApiEvent",{"data":[],"eventType":"Create","uri":"/lol-inventory/v2/inventory/SKIN_AUGMENT"}]
[renderer:1]      rcp-fe-lol-navigation| Vanguard Modal systemInfo: {"operatingSystem":{"buildNumber":"26200","edition":"Professional, x64","platform":"Windows","versionMajor":"11","versionMinor":""},"physicalMemory":30064771072,"physicalProcessorCores":8} (http://127.0.0.1:59661/fe/common-libs/rcp-fe-common-libs.js?t=1779656031494:1)
[request:404] GET http://127.0.0.1:59661/lol-platform-config/v1/namespaces/Navigation
[bridge] websocket <= [8,"OnJsonApiEvent",{"data":{"disableCapRMS":false,"enableCodesPage":true,"enableDropRatesInPurchaseModal":true,"enableFetchOffers":true,"enableGifting":true,"enableHextechItems":true,"enablePurchaseH
[request:404] GET http://127.0.0.1:59661/lol-platform-config/v1/namespaces/Challenges/LevelUpCelebrationEnabled
[request:404] GET http://127.0.0.1:59661/lol-challenges/v1/notifications
[bridge] websocket <= [8,"OnJsonApiEvent",{"data":null,"eventType":"Create","uri":"/lol-client-config/v3/client-config/lol.client_settings.champ_mastery.lcm_celebrations_enabled"}]
[request:404] GET http://127.0.0.1:59661/lol-gameflow/v1/session
[renderer:1]      rcp-fe-lol-navigation| Activity Center Content Initialized (http://127.0.0.1:59661/fe/common-libs/rcp-fe-common-libs.js?t=1779656031494:1)
[renderer:2] Datadog Browser SDK: SDK is loaded more than once. This is unsupported and might have unexpected behavior. (http://127.0.0.1:59661/fe/lol-settings/rcp-fe-lol-settings.js?t=1779656031494:1)
[bridge] websocket <= [8,"OnJsonApiEvent",{"data":[{"expirationDate":"","f2p":false,"inventoryType":"ACHIEVEMENT_TITLE","itemId":40220005,"loyalty":false,"loyaltySources":[],"owned":true,"ownershipType":"OWNED","payload":n
[renderer:1] rcp-fe-lol-shared-components| Get machine spec, detail=5 (http://127.0.0.1:59661/fe/common-libs/rcp-fe-common-libs.js?t=1779656031494:1)
[bridge] websocket <= [8,"OnJsonApiEvent",{"data":true,"eventType":"Update","uri":"/lol-objectives/v1/ready"}]
[bridge] websocket <= [8,"OnJsonApiEvent",{"data":[],"eventType":"Update","uri":"/lol-event-mission/v1/event-mission"}]
[bridge] websocket <= [8,"OnJsonApiEvent",{"data":[{"expirationDate":"","f2p":true,"inventoryType":"REGALIA_BANNER","itemId":1,"loyalty":false,"loyaltySources":[],"owned":false,"ownershipType":"F2P","payload":null,"purchas
[renderer:1]          rcp-fe-ember-libs| reasons.play.disabled, Play button disabled:, detail=["gameflow is not enabled"] (http://127.0.0.1:59661/fe/common-libs/rcp-fe-common-libs.js?t=1779656031494:1)
[renderer:1]      rcp-fe-lol-navigation| handleGameflowSession gameflowSession: null (http://127.0.0.1:59661/fe/common-libs/rcp-fe-common-libs.js?t=1779656031494:1)
[renderer:1]      rcp-fe-lol-navigation| handleGameflowSession gameflowSession: null (http://127.0.0.1:59661/fe/common-libs/rcp-fe-common-libs.js?t=1779656031494:1)
[request:error] net::ERR_ABORTED GET http://127.0.0.1:59661/fe/lol-static-assets/videos/play-button-enabled-intro.webm
[request:error] net::ERR_ABORTED GET http://127.0.0.1:59661/fe/lol-static-assets/videos/league-logo-loop-idle.webm
[bridge] websocket <= [8,"OnJsonApiEvent",{"data":{"catalogEntries":[{"description":"Go forth, Knife Pup, there's a galaxy that needs defending!","displayMetadata":{"product":"tft","tft":{"bundleHasTempItem":false,"default
[bridge] websocket <= [8,"OnJsonApiEvent",{"data":[{"gameType":"tft","objectivesCategories":[{"categoryName":"Space Gods: Part 1 Pass","categorySectionImage":"/lol-game-data/assets/ASSETS/Objectives/CategorySectionIcons/ca
[bridge] websocket <= [8,"OnJsonApiEvent",{"data":[{"gameType":"lol","objectivesCategories":[{"categoryName":"Pandemonium:<br> Act I","categorySectionImage":"/lol-game-data/assets/ASSETS/PlayerTitles/S2_Pandemonium_icon_go
[bridge] websocket <= [8,"OnJsonApiEvent",{"data":[{"backgroundImageUrl":"","celebrationType":"TOAST","clientNotifyLevel":"NONE","completedDate":-1000,"completionExpression":"PlayGames_Objective OR WinGames_Objective","coo
[bridge] websocket <= [8,"OnJsonApiEvent",{"data":[{"createdDate":0,"description":"","displayType":"TRACKER","eligibilityType":"AUTO","endDate":0,"id":"9592e342-975b-4894-bf6e-c2c07507545f","internalName":"TFT_CT_1_Set15",
[bridge] websocket <= [8,"OnJsonApiEvent",{"data":null,"eventType":"Delete","uri":"/lol-npe-tutorial-path/v1/rewards/champ"}]
[bridge] websocket <= [8,"OnJsonApiEvent",{"data":[],"eventType":"Update","uri":"/lol-npe-tutorial-path/v1/tutorials"}]
[bridge] websocket <= [8,"OnJsonApiEvent",{"data":null,"eventType":"Delete","uri":"/lol-honor-v2/v1/level-change"}]
[request:404] GET http://127.0.0.1:59661/images/elements/static_game_panel_bg.png
[bridge] websocket <= [8,"OnJsonApiEvent",{"data":{"postModalEnabled":true,"preModalEnabled":false},"eventType":"Create","uri":"/lol-client-config/v3/client-config/lol.client_settings.tft.tft_content_retiering_loot_depreca
[request:404] GET http://127.0.0.1:59661/lol-champ-select/v1/session
[request:404] GET http://127.0.0.1:59661/lol-end-of-game/v1/eog-stats-block
[request:404] GET http://127.0.0.1:59661/lol-chat/v1/conversations/active
[request:404] GET http://127.0.0.1:59661/lol-platform-config/v1/namespaces/FriendRecommendations
[renderer:1]      rcp-fe-lol-navigation| Vanguard Modal isPlayingInPcBang: false (http://127.0.0.1:59661/fe/common-libs/rcp-fe-common-libs.js?t=1779656031494:1)
[renderer:1]      rcp-fe-lol-navigation| Vanguard Modal localSettings: {"data":null,"schemaVersion":0} (http://127.0.0.1:59661/fe/common-libs/rcp-fe-common-libs.js?t=1779656031494:1)
[renderer:1]      rcp-fe-lol-navigation| Vanguard Modal vanguardMachineSpecs: {"secureBootEnabled":true,"tpm2Enabled":true} (http://127.0.0.1:59661/fe/common-libs/rcp-fe-common-libs.js?t=1779656031494:1)
[request:404] GET http://127.0.0.1:59661/lol-player-behavior/v1/ban
[request:404] GET http://127.0.0.1:59661/lol-player-behavior/v1/chat-restriction
[bridge] websocket <= [8,"OnJsonApiEvent",{"data":false,"eventType":"Create","uri":"/lol-client-config/v3/client-config/lol.client_settings.player_behavior.display_login_text_chat_restrictions"}]
[request:404] GET http://127.0.0.1:59661/lol-player-behavior/v1/code-of-conduct-notification
[request:404] GET http://127.0.0.1:59661/lol-player-behavior/v1/reform-card
[request:404] GET http://127.0.0.1:59661/lol-player-behavior/v2/reform-card
[request:404] GET http://127.0.0.1:59661/lol-remedy/v1/hostage-detected
[request:404] GET http://127.0.0.1:59661/lol-tencent-diagnostic-assistant/v1/enabled
[bridge] websocket <= [8,"OnJsonApiEvent",{"data":false,"eventType":"Create","uri":"/lol-client-config/v3/client-config/lol.client_settings.display_legacy_patch_numbers"}]
[request:404] GET http://127.0.0.1:59661/lol-tencent-diagnostic-assistant/v1/needNotify
[request:404] GET http://127.0.0.1:59661/lol-champions/v1/inventories/117638745/champions
[bridge] websocket <= [8,"OnJsonApiEvent",{"data":false,"eventType":"Create","uri":"/lol-client-config/v3/client-config/lol.client_settings.collections.lcm_eat_enabled"}]
[bridge] websocket <= [8,"OnJsonApiEvent",{"data":{"commsEnabled":true,"partyId":"fabeeae8-a137-4c05-b9c8-4760adfbd0b0","players":{"b2cd46ed-87a8-5aeb-a092-89421545101d":{"displayName":"","gameName":"Elektroney","partyId":
[bridge] websocket <= [8,"OnJsonApiEvent",{"data":{"connectedToVoiceServer":true,"disabledAfterLogin":false,"enabled":true,"showDisconnectedState":false,"showUI":true,"voiceChannelAvailable":false},"eventType":"Update","ur
[bridge] websocket <= [8,"OnJsonApiEvent",{"data":true,"eventType":"Update","uri":"/lol-lobby/v2/eligibility/initial-configuration-complete"}]
[bridge] websocket <= [8,"OnJsonApiEvent",{"data":-3233622290705984203,"eventType":"Create","uri":"/lol-lobby/v2/eligibility/game-select-eligibility-hash"}]
[bridge] websocket <= [8,"OnJsonApiEvent",{"data":{"canInviteOthersAtEog":true,"currentLobbyStatus":{"allowedPlayAgain":true,"customSpectatorPolicy":"NotAllowed","invitedSummonerIds":[],"isCustom":false,"isLeader":true,"is
[request:404] GET http://127.0.0.1:59661/lol-challenges/v1/latest-challenge-level-up
[bridge] websocket <= [8,"OnJsonApiEvent",{"data":{"complete":true,"errorCodes":[]},"eventType":"Update","uri":"/lol-gameflow/v1/gameflow-metadata/registration-status"}]
[bridge] websocket <= [8,"OnJsonApiEvent",{"data":1779656038168,"eventType":"Update","uri":"/lol-clash/v1/time"}]
[bridge] websocket <= [8,"OnJsonApiEvent",{"data":false,"eventType":"Update","uri":"/lol-clash/v1/checkin-allowed"}]
[bridge] websocket <= [8,"OnJsonApiEvent",{"data":false,"eventType":"Update","uri":"/lol-clash/v1/playmode-restricted"}]
[bridge] websocket <= [8,"OnJsonApiEvent",{"data":{"isRestricted":false,"phaseId":-1,"presenceState":"NONE","readyForVoice":false,"rosterId":"","tournamentId":-1},"eventType":"Update","uri":"/lol-clash/v2/playmode-restrict
[request:409] GET http://127.0.0.1:59661/lol-npe-rewards/v1/login-rewards/state
[bridge] websocket <= [8,"OnJsonApiEvent",{"data":{"activityCenterNav":{"excludedContentIds":null,"isABTestEnabled":false,"pcsPath":"league_client_navigation"},"infoHub":{"excludedContentIds":null,"isABTestEnabled":false,"
[bridge] websocket <= [8,"OnJsonApiEvent",{"data":false,"eventType":"Create","uri":"/lol-client-config/v3/client-config/lol.client_settings.client_navigability.persistent-header-disabled"}]
[bridge] websocket <= [8,"OnJsonApiEvent",{"data":{"isAvailable":true,"state":"Available"},"eventType":"Update","uri":"/lol-gameflow/v1/availability"}]
[bridge] websocket <= [8,"OnJsonApiEvent",{"data":1779656038216,"eventType":"Update","uri":"/lol-clash/v1/time"}]
[bridge] websocket <= [8,"OnJsonApiEvent",{"data":true,"eventType":"Update","uri":"/lol-clash/v1/checkin-allowed"}]
[bridge] websocket <= [8,"OnJsonApiEvent",{"data":false,"eventType":"Update","uri":"/lol-clash/v1/playmode-restricted"}]
[bridge] websocket <= [8,"OnJsonApiEvent",{"data":{"isRestricted":false,"phaseId":-1,"presenceState":"NONE","readyForVoice":false,"rosterId":"","tournamentId":-1},"eventType":"Update","uri":"/lol-clash/v2/playmode-restrict
[bridge] websocket <= [8,"OnJsonApiEvent",{"data":[{"gameType":"tft","objectivesCategories":[{"categoryName":"Space Gods: Part 1 Pass","categorySectionImage":"/lol-game-data/assets/ASSETS/Objectives/CategorySectionIcons/ca
[bridge] websocket <= [8,"OnJsonApiEvent",{"data":[{"backgroundImageUrl":"","celebrationType":"VIGNETTE_LARGE_REWARDS_ONLY","clientNotifyLevel":"NONE","completedDate":1573148777000,"completionExpression":"","cooldownTimeMi
[bridge] websocket <= [8,"OnJsonApiEvent",{"data":[{"createdDate":0,"description":"","displayType":"TRACKER","eligibilityType":"AUTO","endDate":1785279540000,"id":"7057170a-3f5d-11f1-92c1-59aeb2cc0137","internalName":"26_S
[bridge] websocket <= [8,"OnJsonApiEvent",{"data":{"hasSeenTutorialPath":true,"hasSkippedTutorialPath":false,"shouldSeeNewPlayerExperience":false},"eventType":"Update","uri":"/lol-npe-tutorial-path/v1/settings"}]
[request:404] GET http://127.0.0.1:59661/lol-lobby/v2/lobby
[bridge] websocket <= [8,"OnJsonApiEvent",{"data":{"hasSeenTutorialPath":true,"hasSkippedTutorialPath":false,"shouldSeeNewPlayerExperience":false},"eventType":"Update","uri":"/lol-npe-tutorial-path/v1/settings"}]
[bridge] websocket <= [8,"OnJsonApiEvent",{"data":[],"eventType":"Update","uri":"/lol-event-mission/v1/event-mission"}]
[bridge] websocket <= [8,"OnJsonApiEvent",{"data":{"ackRequired":false,"id":"","payload":"{\"player\":{\"platformId\":\"EUW1\",\"puuid\":\"b2cd46ed-87a8-5aeb-a092-89421545101d\",\"accountId\":2046794905170656,\"summonerId\
[request:404] GET http://127.0.0.1:59661/lol-matchmaking/v1/search
[bridge] websocket <= [8,"OnJsonApiEvent",{"data":{"lol":{"16.1":"26.01","16.10":"26.10","16.11":"26.11","16.12":"26.12","16.13":"26.13","16.14":"26.14","16.15":"26.15","16.16":"26.16","16.17":"26.17","16.18":"26.18","16.1
[request:404] GET http://127.0.0.1:59661/lol-gameflow/v1/session
[bridge] websocket <= [8,"OnJsonApiEvent",{"data":[],"eventType":"Update","uri":"/lol-npe-tutorial-path/v1/tutorials"}]
[bridge] websocket <= [8,"OnJsonApiEvent",{"data":[{"gameType":"lol","objectivesCategories":[{"categoryName":"Pandemonium:<br> Act I","categorySectionImage":"/lol-game-data/assets/ASSETS/PlayerTitles/S2_Pandemonium_icon_go
[bridge] websocket <= [8,"OnJsonApiEvent",{"data":[{"backgroundUrl":"/fe/lol-new-player-experience/tutorial_summoners_rift_mid_arrow.png","description":"Try out a few champions and destroy enemy towers.","id":"f4be20c0-6e9
[renderer:1]      rcp-fe-lol-navigation| IH - Status, detail={"IHRequirements":{"buildDataLoaded":false,"lastUpdateTimeLoaded":false,"infoHubSettingsLoaded":false,"isInfoHubDisabled":true,"isSettingsReady":true,"isCurrentSummonerLoaded":false,"lockAndLoadPluginUnlocked":false,"isValidGamePhase":false},"hasSeenForcedInfoHub":false,"isSummonerLevelValid":false} (http://127.0.0.1:59661/fe/common-libs/rcp-fe-common-libs.js?t=1779656031494:1)
[renderer:1]      rcp-fe-lol-navigation| IH - Status, detail={"IHRequirements":{"buildDataLoaded":true,"lastUpdateTimeLoaded":false,"infoHubSettingsLoaded":false,"isInfoHubDisabled":true,"isSettingsReady":true,"isCurrentSummonerLoaded":false,"lockAndLoadPluginUnlocked":false,"isValidGamePhase":false},"hasSeenForcedInfoHub":false,"isSummonerLevelValid":false} (http://127.0.0.1:59661/fe/common-libs/rcp-fe-common-libs.js?t=1779656031494:1)
[renderer:1]      rcp-fe-lol-navigation| IH - Status, detail={"IHRequirements":{"buildDataLoaded":true,"lastUpdateTimeLoaded":false,"infoHubSettingsLoaded":false,"isInfoHubDisabled":true,"isSettingsReady":true,"isCurrentSummonerLoaded":true,"lockAndLoadPluginUnlocked":false,"isValidGamePhase":false},"hasSeenForcedInfoHub":false,"isSummonerLevelValid":true} (http://127.0.0.1:59661/fe/common-libs/rcp-fe-common-libs.js?t=1779656031494:1)
[renderer:1]      rcp-fe-lol-navigation| IH - Status, detail={"IHRequirements":{"buildDataLoaded":true,"lastUpdateTimeLoaded":true,"infoHubSettingsLoaded":false,"isInfoHubDisabled":true,"isSettingsReady":true,"isCurrentSummonerLoaded":true,"lockAndLoadPluginUnlocked":false,"isValidGamePhase":false},"hasSeenForcedInfoHub":false,"isSummonerLevelValid":true} (http://127.0.0.1:59661/fe/common-libs/rcp-fe-common-libs.js?t=1779656031494:1)
[renderer:1]   rcp-fe-lol-lock-and-load| [startup] Home Hubs are loaded (http://127.0.0.1:59661/fe/common-libs/rcp-fe-common-libs.js?t=1779656031494:1)
[bridge] websocket <= [8,"OnJsonApiEvent",{"data":{"defaultItemId":1,"groups":[{"groupId":0,"groupName":"Base","items":[{"TFTRarity":"kStandard","contentId":"0ffa1841-5e8f-4c71-b4e2-09670d139c4c","description":"","f2p":fal
[bridge] websocket <= [8,"OnJsonApiEvent",{"data":{"favoriteItems":[]},"eventType":"Update","uri":"/lol-cosmetics/v1/favorites/tft/map-skins"}]
[bridge] websocket <= [8,"OnJsonApiEvent",{"data":{"availability":"chat","gameName":"Elektroney","gameTag":"Eight","icon":6793,"id":"b2cd46ed-87a8-5aeb-a092-89421545101d@eu1.pvp.net","lastSeenOnlineTimestamp":null,"lol":{"
[bridge] websocket <= [8,"OnJsonApiEvent",{"data":{"accountId":2046794905170656,"availability":"chat","discordId":null,"discordOnlineStatus":null,"gameName":"Elektroney","gameTag":"Eight","icon":6793,"id":"b2cd46ed-87a8-5a
[renderer:1]         rcp-fe-lol-parties| reasons.eligibility.fetch Eligibilities initial configuration complete (http://127.0.0.1:59661/fe/common-libs/rcp-fe-common-libs.js?t=1779656031494:1)
[bridge] websocket <= [8,"OnJsonApiEvent",{"data":null,"eventType":"Create","uri":"/lol-client-config/v3/client-config/lol.client_settings.player_name_input.split_input_enabled"}]
[bridge] websocket <= [8,"OnJsonApiEvent",{"data":null,"eventType":"Create","uri":"/lol-client-config/v3/client-config/lol.client_settings.match_history.recently_played_summoners.friend_finder_disabled"}]
[renderer:1]      rcp-fe-lol-navigation| handleGameflowSession gameflowSession: null (http://127.0.0.1:59661/fe/common-libs/rcp-fe-common-libs.js?t=1779656031494:1)
[renderer:1]      rcp-fe-lol-navigation| IH - Status, detail={"IHRequirements":{"buildDataLoaded":true,"lastUpdateTimeLoaded":true,"infoHubSettingsLoaded":false,"isInfoHubDisabled":true,"isSettingsReady":true,"isCurrentSummonerLoaded":true,"lockAndLoadPluginUnlocked":false,"isValidGamePhase":true},"hasSeenForcedInfoHub":false,"isSummonerLevelValid":true} (http://127.0.0.1:59661/fe/common-libs/rcp-fe-common-libs.js?t=1779656031494:1)
[renderer:1]      rcp-fe-lol-navigation| handleGameflowSession gameflowSession: null (http://127.0.0.1:59661/fe/common-libs/rcp-fe-common-libs.js?t=1779656031494:1)
[renderer:1]      rcp-fe-lol-navigation| IH - Status, detail={"IHRequirements":{"buildDataLoaded":true,"lastUpdateTimeLoaded":true,"infoHubSettingsLoaded":false,"isInfoHubDisabled":true,"isSettingsReady":true,"isCurrentSummonerLoaded":true,"lockAndLoadPluginUnlocked":false,"isValidGamePhase":true},"hasSeenForcedInfoHub":false,"isSummonerLevelValid":true} (http://127.0.0.1:59661/fe/common-libs/rcp-fe-common-libs.js?t=1779656031494:1)
[renderer:1]      rcp-fe-lol-navigation| handleGameflowSession gameflowSession: null (http://127.0.0.1:59661/fe/common-libs/rcp-fe-common-libs.js?t=1779656031494:1)
[renderer:1]      rcp-fe-lol-navigation| IH - Status, detail={"IHRequirements":{"buildDataLoaded":true,"lastUpdateTimeLoaded":true,"infoHubSettingsLoaded":false,"isInfoHubDisabled":true,"isSettingsReady":true,"isCurrentSummonerLoaded":true,"lockAndLoadPluginUnlocked":false,"isValidGamePhase":true},"hasSeenForcedInfoHub":false,"isSummonerLevelValid":true} (http://127.0.0.1:59661/fe/common-libs/rcp-fe-common-libs.js?t=1779656031494:1)
[renderer:1]      rcp-fe-lol-navigation| No initial route command-line parameter found (http://127.0.0.1:59661/fe/common-libs/rcp-fe-common-libs.js?t=1779656031494:1)
[renderer:1]         rcp-fe-lol-parties| reasons.eligibility.fetch Eligibilities initial configuration complete (http://127.0.0.1:59661/fe/common-libs/rcp-fe-common-libs.js?t=1779656031494:1)
[renderer:1]          rcp-fe-ember-libs| reasons.play.enabled, Play button enabled (http://127.0.0.1:59661/fe/common-libs/rcp-fe-common-libs.js?t=1779656031494:1)
[request:400] GET http://127.0.0.1:59661/lol-clash/v1/eog-player-update
[bridge] websocket <= [8,"OnJsonApiEvent",{"data":true,"eventType":"Create","uri":"/lol-client-config/v3/client-config/lol.client_settings.client_navigability.info_hub_disabled"}]
[request:404] GET http://127.0.0.1:59661/lol-activity-center/v1/debug/open-info-hub
[bridge] websocket <= [8,"OnJsonApiEvent",{"data":["ac_page_variant"],"eventType":"Create","uri":"/lol-client-config/v3/client-config/lol.client_settings.ac_experiments_registry"}]
[request:404] GET http://127.0.0.1:59661/lol-team-voice/v2/availability
[request:404] GET http://127.0.0.1:59661/lol-team-voice/v1/session
[request:404] GET http://127.0.0.1:59661/lol-lobby/v2/lobby
[request:404] GET http://127.0.0.1:59661/lol-end-of-game/v1/eog-stats-block
[bridge] websocket <= [8,"OnJsonApiEvent",{"data":null,"eventType":"Create","uri":"/lol-client-config/v3/client-config/lol.client_settings.full_repair_enabled"}]
[bridge] websocket <= [8,"OnJsonApiEvent",{"data":false,"eventType":"Create","uri":"/lol-client-config/v3/client-config/lol.client_settings.show_legacy_patch_numbers_setting"}]
[bridge] websocket <= [8,"OnJsonApiEvent",{"data":true,"eventType":"Create","uri":"/lol-client-config/v3/client-config/lol.client_settings.champ_select.enable_ability_previews"}]
[bridge] websocket <= [8,"OnJsonApiEvent",{"data":{"defaultItemId":0,"groups":[{"groupId":0,"groupName":"River Sprite","items":[{"TFTRarity":"kStandard","color":"","companionType":"kLittleLegend","contentId":"0589de95-2301
[bridge] websocket <= [8,"OnJsonApiEvent",{"data":[{"active":true,"description":"","duration":0,"imagePath":"/lol-game-data/assets/","inactiveDate":18446744073709551615,"inventoryType":"EVENT_PASS","itemId":9003,"itemInsta
[renderer:1]      rcp-fe-lol-navigation| IH - Status, detail={"IHRequirements":{"buildDataLoaded":true,"lastUpdateTimeLoaded":true,"infoHubSettingsLoaded":true,"isInfoHubDisabled":true,"isSettingsReady":true,"isCurrentSummonerLoaded":true,"lockAndLoadPluginUnlocked":false,"isValidGamePhase":true},"hasSeenForcedInfoHub":false,"isSummonerLevelValid":true} (http://127.0.0.1:59661/fe/common-libs/rcp-fe-common-libs.js?t=1779656031494:1)
[renderer:1]      rcp-fe-lol-navigation| IH - Status, detail={"IHRequirements":{"buildDataLoaded":true,"lastUpdateTimeLoaded":true,"infoHubSettingsLoaded":true,"isInfoHubDisabled":true,"isSettingsReady":true,"isCurrentSummonerLoaded":true,"lockAndLoadPluginUnlocked":false,"isValidGamePhase":true},"hasSeenForcedInfoHub":false,"isSummonerLevelValid":true} (http://127.0.0.1:59661/fe/common-libs/rcp-fe-common-libs.js?t=1779656031494:1)
[request:error] net::ERR_EMPTY_RESPONSE GET http://127.0.0.1:59661/lol-pft/v2/survey
[bridge] websocket <= [8,"OnJsonApiEvent",{"data":{"defaultItemId":1,"groups":[{"groupId":0,"groupName":"River Sprite","items":[{"TFTRarity":"kStandard","color":"","companionType":"kLittleLegend","contentId":"0589de95-2301
[bridge] websocket <= [8,"OnJsonApiEvent",{"data":{"favoriteItems":[]},"eventType":"Update","uri":"/lol-cosmetics/v1/favorites/tft/companions"}]
[bridge] websocket <= [8,"OnJsonApiEvent",{"data":{"defaultItemId":1,"groups":[{"groupId":0,"groupName":"","items":[{"TFTRarity":"kStandard","contentId":"00166e68-93ad-43d6-87c3-8ce0a135e82e","description":"","f2p":false,"
[bridge] websocket <= [8,"OnJsonApiEvent",{"data":{"favoriteItems":[]},"eventType":"Update","uri":"/lol-cosmetics/v1/favorites/tft/damage-skins"}]
[bridge] websocket <= [8,"OnJsonApiEvent",{"data":{"defaultItemId":1,"groups":[{"groupId":0,"groupName":"","items":[{"TFTRarity":"kLegendary","contentId":"033a73d4-1207-4127-8770-ce73d157e495","description":"Careful! This 
[bridge] websocket <= [8,"OnJsonApiEvent",{"data":{"favoriteItems":[]},"eventType":"Update","uri":"/lol-cosmetics/v1/favorites/tft/zoom-skins"}]
[bridge] websocket <= [8,"OnJsonApiEvent",{"data":"ac-fc-s","eventType":"Create","uri":"/lol-client-config/v3/client-config/lol.experiments.ac_page_variant"}]
[renderer:1]      rcp-fe-lol-navigation| IH - Status, detail={"IHRequirements":{"buildDataLoaded":true,"lastUpdateTimeLoaded":true,"infoHubSettingsLoaded":true,"isInfoHubDisabled":true,"isSettingsReady":true,"isCurrentSummonerLoaded":true,"lockAndLoadPluginUnlocked":false,"isValidGamePhase":true},"hasSeenForcedInfoHub":false,"isSummonerLevelValid":true} (http://127.0.0.1:59661/fe/common-libs/rcp-fe-common-libs.js?t=1779656031494:1)
[request:404] GET http://127.0.0.1:59661/lol-gameflow/v1/session
[request:404] GET http://127.0.0.1:59661/lol-champ-select/v1/pickable-champion-ids
[request:404] GET http://127.0.0.1:59661/lol-champ-select/v1/session
[request:404] GET http://127.0.0.1:59661/lol-champ-select/v1/team-boost
[renderer:1]      rcp-fe-lol-navigation| handleGameflowSession gameflowSession: null (http://127.0.0.1:59661/fe/common-libs/rcp-fe-common-libs.js?t=1779656031494:1)
[renderer:1]      rcp-fe-lol-navigation| IH - Status, detail={"IHRequirements":{"buildDataLoaded":true,"lastUpdateTimeLoaded":true,"infoHubSettingsLoaded":true,"isInfoHubDisabled":true,"isSettingsReady":true,"isCurrentSummonerLoaded":true,"lockAndLoadPluginUnlocked":false,"isValidGamePhase":true},"hasSeenForcedInfoHub":false,"isSummonerLevelValid":true} (http://127.0.0.1:59661/fe/common-libs/rcp-fe-common-libs.js?t=1779656031494:1)
[renderer:1]      rcp-fe-lol-navigation| handleGameflowSession gameflowSession: null (http://127.0.0.1:59661/fe/common-libs/rcp-fe-common-libs.js?t=1779656031494:1)
[renderer:1]      rcp-fe-lol-navigation| IH - Status, detail={"IHRequirements":{"buildDataLoaded":true,"lastUpdateTimeLoaded":true,"infoHubSettingsLoaded":true,"isInfoHubDisabled":true,"isSettingsReady":true,"isCurrentSummonerLoaded":true,"lockAndLoadPluginUnlocked":false,"isValidGamePhase":true},"hasSeenForcedInfoHub":false,"isSummonerLevelValid":true} (http://127.0.0.1:59661/fe/common-libs/rcp-fe-common-libs.js?t=1779656031494:1)
[renderer:1]      rcp-fe-lol-navigation| handleGameflowSession gameflowSession: null (http://127.0.0.1:59661/fe/common-libs/rcp-fe-common-libs.js?t=1779656031494:1)
[renderer:1]      rcp-fe-lol-navigation| IH - Status, detail={"IHRequirements":{"buildDataLoaded":true,"lastUpdateTimeLoaded":true,"infoHubSettingsLoaded":true,"isInfoHubDisabled":true,"isSettingsReady":true,"isCurrentSummonerLoaded":true,"lockAndLoadPluginUnlocked":false,"isValidGamePhase":true},"hasSeenForcedInfoHub":false,"isSummonerLevelValid":true} (http://127.0.0.1:59661/fe/common-libs/rcp-fe-common-libs.js?t=1779656031494:1)
[request:404] GET http://127.0.0.1:59661/lol-lobby/v2/lobby
[request:404] GET http://127.0.0.1:59661/lol-platform-config/v1/namespaces/ClashConfig/DisabledEvents
[request:404] GET http://127.0.0.1:59661/lol-platform-config/v1/namespaces/ClashConfig/EventSendingEnabled
[request:404] GET http://127.0.0.1:59661/lol-platform-config/v1/namespaces/ClashConfig/EventSendingRoute
[request:404] GET http://127.0.0.1:59661/lol-platform-config/v1/namespaces/ClashConfig/LoginModalLevelRequirement
[request:404] GET http://127.0.0.1:59661/lol-platform-config/v1/namespaces/ClashConfig/ClashStartModalLevelRequirement
[request:404] GET http://127.0.0.1:59661/lol-team-voice/v2/availability
[request:404] GET http://127.0.0.1:59661/lol-team-voice/v1/session
[request:404] GET http://127.0.0.1:59661/patcher/v1/product-state
[renderer:1]   rcp-fe-lol-lock-and-load| [startup] Plugins are loaded (http://127.0.0.1:59661/fe/common-libs/rcp-fe-common-libs.js?t=1779656031494:1)
[renderer:1]      rcp-fe-lol-navigation| IH - Status, detail={"IHRequirements":{"buildDataLoaded":true,"lastUpdateTimeLoaded":true,"infoHubSettingsLoaded":true,"isInfoHubDisabled":true,"isSettingsReady":true,"isCurrentSummonerLoaded":true,"lockAndLoadPluginUnlocked":true,"isValidGamePhase":true},"hasSeenForcedInfoHub":false,"isSummonerLevelValid":true} (http://127.0.0.1:59661/fe/common-libs/rcp-fe-common-libs.js?t=1779656031494:1)
[request:404] GET http://127.0.0.1:59661/lol-gameflow/v1/session
[bridge] websocket <= [8,"OnJsonApiEvent",{"data":false,"eventType":"Create","uri":"/lol-client-config/v3/client-config/lol.client_settings.clash.eosCelebrationEnabled"}]
[request:404] GET http://127.0.0.1:59661/lol-platform-config/v1/namespaces/ClashConfig/WinnersTabEnabled
[bridge] websocket <= [8,"OnJsonApiEvent",{"data":[{"expirationDate":"","f2p":false,"inventoryType":"TOURNAMENT_FLAG","itemId":84,"loyalty":false,"loyaltySources":[],"owned":true,"ownershipType":"OWNED","payload":{"eventId
[request:404] GET http://127.0.0.1:59661/lol-platform-config/v1/namespaces/LcuCrashDialog
[bridge] websocket <= [8,"OnJsonApiEvent",{"data":"ICONS","eventType":"Create","uri":"/lol-client-config/v3/client-config/lol.client_settings.navigation.navBarDisplayMode"}]
[bridge] websocket <= [8,"OnJsonApiEvent",{"data":[],"eventType":"Create","uri":"/lol-inventory/v2/inventory/TOURNAMENT_TROPHY"}]
[bridge] websocket <= [8,"OnJsonApiEvent",{"data":[{"expirationDate":"","f2p":false,"inventoryType":"TOURNAMENT_LOGO","itemId":32,"loyalty":false,"loyaltySources":[],"owned":true,"ownershipType":"OWNED","payload":{"rewardS
[bridge] websocket <= [8,"OnJsonApiEvent",{"data":true,"eventType":"Create","uri":"/lol-client-config/v3/client-config/lol.client_settings.paw.enableRPTopUp"}]
[bridge] websocket <= [8,"OnJsonApiEvent",{"data":true,"eventType":"Create","uri":"/lol-client-config/v3/client-config/lol.client_settings.season_rewards.season_memorial_modal_enabled"}]
[request:404] GET http://127.0.0.1:59661/lol-ranked/v1/eos-memorial
[request:404] GET http://127.0.0.1:59661/lol-platform-config/v1/namespaces/ClashConfig/ClashQueueIds
[request:404] GET http://127.0.0.1:59661/lol-platform-config/v1/namespaces/ClashConfig/IsMissedLockinModalEnabled
[request:400] GET http://127.0.0.1:59661/lol-clash/v1/eog-player-update
[request:400] GET http://127.0.0.1:59661/lol-clash/v1/game-end
[request:400] GET http://127.0.0.1:59661/lol-clash/v1/notifications
[request:404] GET http://127.0.0.1:59661/lol-clash/v1/eog-test
[request:404] GET http://127.0.0.1:59661/lol-platform-config/v1/namespaces/ClashConfig/WithdrawEnabled
[request:404] GET http://127.0.0.1:59661/lol-platform-config/v1/namespaces/ClashConfig/WithdrawMatchmakingEnabled
[request:404] GET http://127.0.0.1:59661/lol-platform-config/v1/namespaces/ClashConfig/WithdrawGameStartBufferMs
[request:404] GET http://127.0.0.1:59661/lol-kickout/v1/notification
[request:404] GET http://127.0.0.1:59661/anti-addiction/v1/policies/antiAddictionWarning/anti-addiction-state
[request:404] GET http://127.0.0.1:59661/anti-addiction/v1/policies/antiAddictionShutdown/anti-addiction-state
[request:error] net::ERR_ABORTED GET http://127.0.0.1:59661/fe/lol-navigation/add-blue-essence.webm
[request:error] net::ERR_ABORTED GET http://127.0.0.1:59661/fe/lol-navigation/activity-center/navigation_magic_idle.webm
[request:error] net::ERR_ABORTED GET http://127.0.0.1:59661/fe/lol-navigation/activity-center/navigation_magic_hover.webm
[request:error] net::ERR_ABORTED GET http://127.0.0.1:59661/fe/lol-navigation/activity-center/navigation_magic_idle.webm
[request:error] net::ERR_ABORTED GET http://127.0.0.1:59661/fe/lol-navigation/activity-center/navigation_magic_hover.webm
[request:error] net::ERR_ABORTED GET http://127.0.0.1:59661/fe/lol-navigation/activity-center/navigation_magic_idle.webm
[request:error] net::ERR_ABORTED GET http://127.0.0.1:59661/fe/lol-navigation/activity-center/navigation_magic_hover.webm
[request:error] net::ERR_ABORTED GET http://127.0.0.1:59661/fe/lol-navigation/activity-center/navigation_magic_idle.webm
[request:error] net::ERR_ABORTED GET http://127.0.0.1:59661/fe/lol-navigation/activity-center/navigation_magic_hover.webm
[request:error] net::ERR_ABORTED GET http://127.0.0.1:59661/fe/lol-navigation/activity-center/navigation_magic_idle.webm
[request:error] net::ERR_ABORTED GET http://127.0.0.1:59661/fe/lol-navigation/activity-center/navigation_magic_hover.webm
[request:error] net::ERR_ABORTED GET http://127.0.0.1:59661/fe/lol-navigation/activity-center/navigation_magic_idle.webm
[request:error] net::ERR_ABORTED GET http://127.0.0.1:59661/fe/lol-navigation/activity-center/navigation_magic_hover.webm
[request:error] net::ERR_ABORTED GET http://127.0.0.1:59661/fe/lol-navigation/activity-center/navigation_magic_idle.webm
[request:error] net::ERR_ABORTED GET http://127.0.0.1:59661/fe/lol-navigation/activity-center/navigation_magic_hover.webm
[request:error] net::ERR_ABORTED GET http://127.0.0.1:59661/fe/lol-navigation/activity-center/navigation_magic_idle.webm
[request:error] net::ERR_ABORTED GET http://127.0.0.1:59661/fe/lol-navigation/activity-center/navigation_magic_hover.webm
[request:error] net::ERR_ABORTED GET http://127.0.0.1:59661/fe/lol-navigation/activity-center/navigation_magic_idle.webm
[request:error] net::ERR_ABORTED GET http://127.0.0.1:59661/fe/lol-navigation/activity-center/navigation_magic_hover.webm
[bridge] websocket <= [8,"OnJsonApiEvent",{"data":{"disabled":false,"freeToPlay":false,"freeToPlayForQueue":false,"id":-1,"loyaltyReward":false,"masteryLevel":0,"masteryPoints":0,"name":"None","owned":false,"positionsFavor
[bridge] websocket <= [8,"OnJsonApiEvent",{"data":{"disabled":false,"freeToPlay":false,"freeToPlayForQueue":false,"id":1,"loyaltyReward":false,"masteryLevel":3,"masteryPoints":9429,"name":"Annie","owned":true,"positionsFav
[bridge] websocket <= [8,"OnJsonApiEvent",{"data":{"disabled":false,"freeToPlay":false,"freeToPlayForQueue":false,"id":2,"loyaltyReward":false,"masteryLevel":3,"masteryPoints":7008,"name":"Olaf","owned":true,"positionsFavo
[bridge] websocket <= [8,"OnJsonApiEvent",{"data":{"disabled":false,"freeToPlay":false,"freeToPlayForQueue":false,"id":3,"loyaltyReward":false,"masteryLevel":3,"masteryPoints":8321,"name":"Galio","owned":true,"positionsFav
[bridge] websocket <= [8,"OnJsonApiEvent",{"data":{"disabled":false,"freeToPlay":false,"freeToPlayForQueue":false,"id":4,"loyaltyReward":false,"masteryLevel":3,"masteryPoints":8602,"name":"Twisted Fate","owned":true,"posit
[bridge] websocket <= [8,"OnJsonApiEvent",{"data":{"disabled":false,"freeToPlay":true,"freeToPlayForQueue":false,"id":5,"loyaltyReward":false,"masteryLevel":3,"masteryPoints":6605,"name":"Xin Zhao","owned":true,"positionsF
[bridge] websocket <= [8,"OnJsonApiEvent",{"data":{"disabled":false,"freeToPlay":false,"freeToPlayForQueue":false,"id":6,"loyaltyReward":false,"masteryLevel":12,"masteryPoints":131443,"name":"Urgot","owned":true,"positions
[bridge] websocket <= [8,"OnJsonApiEvent",{"data":{"disabled":false,"freeToPlay":false,"freeToPlayForQueue":false,"id":7,"loyaltyReward":false,"masteryLevel":3,"masteryPoints":12381,"name":"LeBlanc","owned":true,"positions
[bridge] websocket <= [8,"OnJsonApiEvent",{"data":{"disabled":false,"freeToPlay":false,"freeToPlayForQueue":false,"id":8,"loyaltyReward":false,"masteryLevel":7,"masteryPoints":52876,"name":"Vladimir","owned":true,"position
[bridge] websocket <= [8,"OnJsonApiEvent",{"data":{"disabled":false,"freeToPlay":true,"freeToPlayForQueue":false,"id":9,"loyaltyReward":false,"masteryLevel":4,"masteryPoints":19355,"name":"Fiddlesticks","owned":true,"posit
[bridge] websocket <= [8,"OnJsonApiEvent",{"data":{"disabled":false,"freeToPlay":false,"freeToPlayForQueue":false,"id":10,"loyaltyReward":false,"masteryLevel":5,"masteryPoints":23596,"name":"Kayle","owned":true,"positionsF
[bridge] websocket <= [8,"OnJsonApiEvent",{"data":{"disabled":false,"freeToPlay":false,"freeToPlayForQueue":false,"id":11,"loyaltyReward":false,"masteryLevel":8,"masteryPoints":56018,"name":"Master Yi","owned":true,"positi
[bridge] websocket <= [8,"OnJsonApiEvent",{"data":{"disabled":false,"freeToPlay":false,"freeToPlayForQueue":false,"id":12,"loyaltyReward":false,"masteryLevel":4,"masteryPoints":15963,"name":"Alistar","owned":true,"position
[bridge] websocket <= [8,"OnJsonApiEvent",{"data":{"disabled":false,"freeToPlay":false,"freeToPlayForQueue":false,"id":13,"loyaltyReward":false,"masteryLevel":2,"masteryPoints":5141,"name":"Ryze","owned":true,"positionsFav
[bridge] websocket <= [8,"OnJsonApiEvent",{"data":{"disabled":false,"freeToPlay":false,"freeToPlayForQueue":false,"id":14,"loyaltyReward":false,"masteryLevel":6,"masteryPoints":39987,"name":"Sion","owned":true,"positionsFa
[bridge] websocket <= [8,"OnJsonApiEvent",{"data":{"disabled":false,"freeToPlay":false,"freeToPlayForQueue":false,"id":15,"loyaltyReward":false,"masteryLevel":8,"masteryPoints":58372,"name":"Sivir","owned":true,"positionsF
[bridge] websocket <= [8,"OnJsonApiEvent",{"data":{"disabled":false,"freeToPlay":false,"freeToPlayForQueue":false,"id":16,"loyaltyReward":false,"masteryLevel":5,"masteryPoints":23448,"name":"Soraka","owned":true,"positions
[bridge] websocket <= [8,"OnJsonApiEvent",{"data":{"disabled":false,"freeToPlay":false,"freeToPlayForQueue":false,"id":17,"loyaltyReward":false,"masteryLevel":5,"masteryPoints":22420,"name":"Teemo","owned":true,"positionsF
[bridge] websocket <= [8,"OnJsonApiEvent",{"data":{"disabled":false,"freeToPlay":false,"freeToPlayForQueue":false,"id":18,"loyaltyReward":false,"masteryLevel":5,"masteryPoints":31181,"name":"Tristana","owned":true,"positio
[bridge] websocket <= [8,"OnJsonApiEvent",{"data":{"disabled":false,"freeToPlay":false,"freeToPlayForQueue":false,"id":19,"loyaltyReward":false,"masteryLevel":8,"masteryPoints":57986,"name":"Warwick","owned":true,"position
[bridge] websocket <= [8,"OnJsonApiEvent",{"data":{"disabled":false,"freeToPlay":false,"freeToPlayForQueue":false,"id":20,"loyaltyReward":false,"masteryLevel":7,"masteryPoints":52206,"name":"Nunu & Willump","owned":true,"p
[bridge] websocket <= [8,"OnJsonApiEvent",{"data":{"disabled":false,"freeToPlay":false,"freeToPlayForQueue":false,"id":21,"loyaltyReward":false,"masteryLevel":6,"masteryPoints":40535,"name":"Miss Fortune","owned":true,"pos
[bridge] websocket <= [8,"OnJsonApiEvent",{"data":{"disabled":false,"freeToPlay":false,"freeToPlayForQueue":false,"id":22,"loyaltyReward":false,"masteryLevel":11,"masteryPoints":93588,"name":"Ashe","owned":true,"positionsF
[bridge] websocket <= [8,"OnJsonApiEvent",{"data":{"disabled":false,"freeToPlay":false,"freeToPlayForQueue":false,"id":23,"loyaltyReward":false,"masteryLevel":4,"masteryPoints":19046,"name":"Tryndamere","owned":true,"posit
[bridge] websocket <= [8,"OnJsonApiEvent",{"data":{"disabled":false,"freeToPlay":false,"freeToPlayForQueue":false,"id":24,"loyaltyReward":false,"masteryLevel":4,"masteryPoints":18683,"name":"Jax","owned":true,"positionsFav
[bridge] websocket <= [8,"OnJsonApiEvent",{"data":{"disabled":false,"freeToPlay":false,"freeToPlayForQueue":false,"id":25,"loyaltyReward":false,"masteryLevel":3,"masteryPoints":7974,"name":"Morgana","owned":true,"positions
[bridge] websocket <= [8,"OnJsonApiEvent",{"data":{"disabled":false,"freeToPlay":true,"freeToPlayForQueue":false,"id":26,"loyaltyReward":false,"masteryLevel":2,"masteryPoints":4956,"name":"Zilean","owned":true,"positionsFa
[bridge] websocket <= [8,"OnJsonApiEvent",{"data":{"disabled":false,"freeToPlay":false,"freeToPlayForQueue":false,"id":27,"loyaltyReward":false,"masteryLevel":3,"masteryPoints":9863,"name":"Singed","owned":true,"positionsF
[bridge] websocket <= [8,"OnJsonApiEvent",{"data":{"disabled":false,"freeToPlay":false,"freeToPlayForQueue":false,"id":28,"loyaltyReward":false,"masteryLevel":3,"masteryPoints":10166,"name":"Evelynn","owned":true,"position
[bridge] websocket <= [8,"OnJsonApiEvent",{"data":{"disabled":false,"freeToPlay":false,"freeToPlayForQueue":false,"id":29,"loyaltyReward":false,"masteryLevel":3,"masteryPoints":10445,"name":"Twitch","owned":true,"positions
[bridge] websocket <= [8,"OnJsonApiEvent",{"data":{"disabled":false,"freeToPlay":true,"freeToPlayForQueue":false,"id":30,"loyaltyReward":false,"masteryLevel":3,"masteryPoints":8191,"name":"Karthus","owned":true,"positionsF
[bridge] websocket <= [8,"OnJsonApiEvent",{"data":{"disabled":false,"freeToPlay":false,"freeToPlayForQueue":false,"id":31,"loyaltyReward":false,"masteryLevel":6,"masteryPoints":31843,"name":"Cho'Gath","owned":true,"positio
[bridge] websocket <= [8,"OnJsonApiEvent",{"data":{"disabled":false,"freeToPlay":false,"freeToPlayForQueue":false,"id":32,"loyaltyReward":false,"masteryLevel":3,"masteryPoints":11941,"name":"Amumu","owned":true,"positionsF
[bridge] websocket <= [8,"OnJsonApiEvent",{"data":{"disabled":false,"freeToPlay":false,"freeToPlayForQueue":false,"id":33,"loyaltyReward":false,"masteryLevel":4,"masteryPoints":16087,"name":"Rammus","owned":true,"positions
[bridge] websocket <= [8,"OnJsonApiEvent",{"data":{"disabled":false,"freeToPlay":false,"freeToPlayForQueue":false,"id":34,"loyaltyReward":false,"masteryLevel":2,"masteryPoints":3098,"name":"Anivia","owned":true,"positionsF
[bridge] websocket <= [8,"OnJsonApiEvent",{"data":{"disabled":false,"freeToPlay":false,"freeToPlayForQueue":false,"id":35,"loyaltyReward":false,"masteryLevel":4,"masteryPoints":13171,"name":"Shaco","owned":true,"positionsF
[bridge] websocket <= [8,"OnJsonApiEvent",{"data":{"disabled":false,"freeToPlay":false,"freeToPlayForQueue":false,"id":36,"loyaltyReward":false,"masteryLevel":6,"masteryPoints":35980,"name":"Dr. Mundo","owned":true,"positi
[bridge] websocket <= [8,"OnJsonApiEvent",{"data":{"disabled":false,"freeToPlay":false,"freeToPlayForQueue":false,"id":37,"loyaltyReward":false,"masteryLevel":3,"masteryPoints":8503,"name":"Sona","owned":true,"positionsFav
[bridge] websocket <= [8,"OnJsonApiEvent",{"data":{"disabled":false,"freeToPlay":false,"freeToPlayForQueue":false,"id":38,"loyaltyReward":false,"masteryLevel":4,"masteryPoints":19651,"name":"Kassadin","owned":true,"positio
[bridge] websocket <= [8,"OnJsonApiEvent",{"data":{"disabled":false,"freeToPlay":false,"freeToPlayForQueue":false,"id":39,"loyaltyReward":false,"masteryLevel":8,"masteryPoints":58795,"name":"Irelia","owned":true,"positions
[bridge] websocket <= [8,"OnJsonApiEvent",{"data":{"disabled":false,"freeToPlay":false,"freeToPlayForQueue":false,"id":40,"loyaltyReward":false,"masteryLevel":2,"masteryPoints":2570,"name":"Janna","owned":true,"positionsFa
[bridge] websocket <= [8,"OnJsonApiEvent",{"data":{"disabled":false,"freeToPlay":true,"freeToPlayForQueue":false,"id":41,"loyaltyReward":false,"masteryLevel":3,"masteryPoints":10257,"name":"Gangplank","owned":true,"positio
[bridge] websocket <= [8,"OnJsonApiEvent",{"data":{"disabled":false,"freeToPlay":false,"freeToPlayForQueue":false,"id":42,"loyaltyReward":false,"masteryLevel":3,"masteryPoints":8230,"name":"Corki","owned":true,"positionsFa
[bridge] websocket <= [8,"OnJsonApiEvent",{"data":{"disabled":false,"freeToPlay":false,"freeToPlayForQueue":false,"id":43,"loyaltyReward":false,"masteryLevel":3,"masteryPoints":6741,"name":"Karma","owned":true,"positionsFa
[bridge] websocket <= [8,"OnJsonApiEvent",{"data":{"disabled":false,"freeToPlay":false,"freeToPlayForQueue":false,"id":44,"loyaltyReward":false,"masteryLevel":3,"masteryPoints":6423,"name":"Taric","owned":true,"positionsFa
[bridge] websocket <= [8,"OnJsonApiEvent",{"data":{"disabled":false,"freeToPlay":false,"freeToPlayForQueue":false,"id":45,"loyaltyReward":false,"masteryLevel":4,"masteryPoints":14909,"name":"Veigar","owned":true,"positions
[bridge] websocket <= [8,"OnJsonApiEvent",{"data":{"disabled":false,"freeToPlay":true,"freeToPlayForQueue":false,"id":48,"loyaltyReward":false,"masteryLevel":2,"masteryPoints":3331,"name":"Trundle","owned":true,"positionsF
[bridge] websocket <= [8,"OnJsonApiEvent",{"data":{"disabled":false,"freeToPlay":false,"freeToPlayForQueue":false,"id":50,"loyaltyReward":false,"masteryLevel":4,"masteryPoints":16958,"name":"Swain","owned":true,"positionsF
[bridge] websocket <= [8,"OnJsonApiEvent",{"data":{"disabled":false,"freeToPlay":false,"freeToPlayForQueue":false,"id":51,"loyaltyReward":false,"masteryLevel":7,"masteryPoints":43204,"name":"Caitlyn","owned":true,"position
[bridge] websocket <= [8,"OnJsonApiEvent",{"data":{"disabled":false,"freeToPlay":false,"freeToPlayForQueue":false,"id":53,"loyaltyReward":false,"masteryLevel":5,"masteryPoints":23892,"name":"Blitzcrank","owned":true,"posit
[bridge] websocket <= [8,"OnJsonApiEvent",{"data":{"disabled":false,"freeToPlay":false,"freeToPlayForQueue":false,"id":54,"loyaltyReward":false,"masteryLevel":10,"masteryPoints":78362,"name":"Malphite","owned":true,"positi
[bridge] websocket <= [8,"OnJsonApiEvent",{"data":{"disabled":false,"freeToPlay":false,"freeToPlayForQueue":false,"id":55,"loyaltyReward":false,"masteryLevel":5,"masteryPoints":29398,"name":"Katarina","owned":true,"positio
[bridge] websocket <= [8,"OnJsonApiEvent",{"data":{"disabled":false,"freeToPlay":false,"freeToPlayForQueue":false,"id":56,"loyaltyReward":false,"masteryLevel":2,"masteryPoints":4303,"name":"Nocturne","owned":true,"position
[bridge] websocket <= [8,"OnJsonApiEvent",{"data":{"disabled":false,"freeToPlay":false,"freeToPlayForQueue":false,"id":57,"loyaltyReward":false,"masteryLevel":2,"masteryPoints":4021,"name":"Maokai","owned":true,"positionsF
[bridge] websocket <= [8,"OnJsonApiEvent",{"data":{"disabled":false,"freeToPlay":false,"freeToPlayForQueue":false,"id":58,"loyaltyReward":false,"masteryLevel":3,"masteryPoints":10128,"name":"Renekton","owned":true,"positio
[bridge] websocket <= [8,"OnJsonApiEvent",{"data":{"disabled":false,"freeToPlay":false,"freeToPlayForQueue":false,"id":59,"loyaltyReward":false,"masteryLevel":3,"masteryPoints":6260,"name":"Jarvan IV","owned":true,"positio
[bridge] websocket <= [8,"OnJsonApiEvent",{"data":{"disabled":false,"freeToPlay":false,"freeToPlayForQueue":false,"id":60,"loyaltyReward":false,"masteryLevel":1,"masteryPoints":1447,"name":"Elise","owned":true,"positionsFa
[bridge] websocket <= [8,"OnJsonApiEvent",{"data":{"disabled":false,"freeToPlay":false,"freeToPlayForQueue":false,"id":61,"loyaltyReward":false,"masteryLevel":3,"masteryPoints":6656,"name":"Orianna","owned":true,"positions
[bridge] websocket <= [8,"OnJsonApiEvent",{"data":{"disabled":false,"freeToPlay":false,"freeToPlayForQueue":false,"id":62,"loyaltyReward":false,"masteryLevel":4,"masteryPoints":17900,"name":"Wukong","owned":true,"positions
[bridge] websocket <= [8,"OnJsonApiEvent",{"data":{"disabled":false,"freeToPlay":false,"freeToPlayForQueue":false,"id":63,"loyaltyReward":false,"masteryLevel":4,"masteryPoints":13366,"name":"Brand","owned":true,"positionsF
[bridge] websocket <= [8,"OnJsonApiEvent",{"data":{"disabled":false,"freeToPlay":false,"freeToPlayForQueue":false,"id":64,"loyaltyReward":false,"masteryLevel":2,"masteryPoints":4261,"name":"Lee Sin","owned":true,"positions
[bridge] websocket <= [8,"OnJsonApiEvent",{"data":{"disabled":false,"freeToPlay":false,"freeToPlayForQueue":false,"id":67,"loyaltyReward":false,"masteryLevel":6,"masteryPoints":34078,"name":"Vayne","owned":true,"positionsF
[bridge] websocket <= [8,"OnJsonApiEvent",{"data":{"disabled":false,"freeToPlay":true,"freeToPlayForQueue":false,"id":68,"loyaltyReward":false,"masteryLevel":3,"masteryPoints":7479,"name":"Rumble","owned":true,"positionsFa
[bridge] websocket <= [8,"OnJsonApiEvent",{"data":{"disabled":false,"freeToPlay":false,"freeToPlayForQueue":false,"id":69,"loyaltyReward":false,"masteryLevel":2,"masteryPoints":1865,"name":"Cassiopeia","owned":true,"positi
[bridge] websocket <= [8,"OnJsonApiEvent",{"data":{"disabled":false,"freeToPlay":false,"freeToPlayForQueue":false,"id":72,"loyaltyReward":false,"masteryLevel":4,"masteryPoints":18388,"name":"Skarner","owned":true,"position
[bridge] websocket <= [8,"OnJsonApiEvent",{"data":{"disabled":false,"freeToPlay":false,"freeToPlayForQueue":false,"id":74,"loyaltyReward":false,"masteryLevel":3,"masteryPoints":7253,"name":"Heimerdinger","owned":true,"posi
[bridge] websocket <= [8,"OnJsonApiEvent",{"data":{"disabled":false,"freeToPlay":false,"freeToPlayForQueue":false,"id":75,"loyaltyReward":false,"masteryLevel":7,"masteryPoints":48941,"name":"Nasus","owned":true,"positionsF
[bridge] websocket <= [8,"OnJsonApiEvent",{"data":{"disabled":false,"freeToPlay":false,"freeToPlayForQueue":false,"id":76,"loyaltyReward":false,"masteryLevel":2,"masteryPoints":4335,"name":"Nidalee","owned":true,"positions
[bridge] websocket <= [8,"OnJsonApiEvent",{"data":[{"active":false,"alias":"None","banVoPath":"/lol-game-data/assets/v1/champion-ban-vo/-1.ogg","baseLoadScreenPath":"","baseSplashPath":"","botEnabled":false,"chooseVoPath":
[bridge] websocket <= [8,"OnJsonApiEvent",{"data":{"disabled":false,"freeToPlay":false,"freeToPlayForQueue":false,"id":77,"loyaltyReward":false,"masteryLevel":3,"masteryPoints":10411,"name":"Udyr","owned":true,"positionsFa
[bridge] websocket <= [8,"OnJsonApiEvent",{"data":{"disabled":false,"freeToPlay":false,"freeToPlayForQueue":false,"id":78,"loyaltyReward":false,"masteryLevel":3,"masteryPoints":6161,"name":"Poppy","owned":true,"positionsFa
[bridge] websocket <= [8,"OnJsonApiEvent",{"data":{"disabled":false,"freeToPlay":false,"freeToPlayForQueue":false,"id":79,"loyaltyReward":false,"masteryLevel":3,"masteryPoints":8126,"name":"Gragas","owned":true,"positionsF
[bridge] websocket <= [8,"OnJsonApiEvent",{"data":{"disabled":false,"freeToPlay":false,"freeToPlayForQueue":false,"id":80,"loyaltyReward":false,"masteryLevel":14,"masteryPoints":150177,"name":"Pantheon","owned":true,"posit
[bridge] websocket <= [8,"OnJsonApiEvent",{"data":{"disabled":false,"freeToPlay":false,"freeToPlayForQueue":false,"id":81,"loyaltyReward":false,"masteryLevel":6,"masteryPoints":36857,"name":"Ezreal","owned":true,"positions
[bridge] websocket <= [8,"OnJsonApiEvent",{"data":{"disabled":false,"freeToPlay":true,"freeToPlayForQueue":false,"id":82,"loyaltyReward":false,"masteryLevel":7,"masteryPoints":52791,"name":"Mordekaiser","owned":true,"posit
[bridge] websocket <= [8,"OnJsonApiEvent",{"data":{"disabled":false,"freeToPlay":false,"freeToPlayForQueue":false,"id":83,"loyaltyReward":false,"masteryLevel":19,"masteryPoints":213646,"name":"Yorick","owned":true,"positio
[bridge] websocket <= [8,"OnJsonApiEvent",{"data":{"disabled":false,"freeToPlay":false,"freeToPlayForQueue":false,"id":84,"loyaltyReward":false,"masteryLevel":5,"masteryPoints":29983,"name":"Akali","owned":true,"positionsF
[bridge] websocket <= [8,"OnJsonApiEvent",{"data":{"disabled":false,"freeToPlay":false,"freeToPlayForQueue":false,"id":85,"loyaltyReward":false,"masteryLevel":2,"masteryPoints":5354,"name":"Kennen","owned":true,"positionsF
[bridge] websocket <= [8,"OnJsonApiEvent",{"data":{"disabled":false,"freeToPlay":false,"freeToPlayForQueue":false,"id":86,"loyaltyReward":false,"masteryLevel":49,"masteryPoints":541014,"name":"Garen","owned":true,"position
[bridge] websocket <= [8,"OnJsonApiEvent",{"data":{"disabled":false,"freeToPlay":false,"freeToPlayForQueue":false,"id":89,"loyaltyReward":false,"masteryLevel":3,"masteryPoints":9969,"name":"Leona","owned":true,"positionsFa
[bridge] websocket <= [8,"OnJsonApiEvent",{"data":{"disabled":false,"freeToPlay":false,"freeToPlayForQueue":false,"id":90,"loyaltyReward":false,"masteryLevel":2,"masteryPoints":3102,"name":"Malzahar","owned":true,"position
[bridge] websocket <= [8,"OnJsonApiEvent",{"data":{"disabled":false,"freeToPlay":false,"freeToPlayForQueue":false,"id":91,"loyaltyReward":false,"masteryLevel":4,"masteryPoints":19855,"name":"Talon","owned":true,"positionsF
[bridge] websocket <= [8,"OnJsonApiEvent",{"data":{"disabled":false,"freeToPlay":false,"freeToPlayForQueue":false,"id":92,"loyaltyReward":false,"masteryLevel":2,"masteryPoints":5976,"name":"Riven","owned":true,"positionsFa
[bridge] websocket <= [8,"OnJsonApiEvent",{"data":{"disabled":false,"freeToPlay":true,"freeToPlayForQueue":false,"id":96,"loyaltyReward":false,"masteryLevel":2,"masteryPoints":5934,"name":"Kog'Maw","owned":true,"positionsF
[bridge] websocket <= [8,"OnJsonApiEvent",{"data":{"disabled":false,"freeToPlay":false,"freeToPlayForQueue":false,"id":98,"loyaltyReward":false,"masteryLevel":4,"masteryPoints":19064,"name":"Shen","owned":true,"positionsFa
[bridge] websocket <= [8,"OnJsonApiEvent",{"data":{"disabled":false,"freeToPlay":false,"freeToPlayForQueue":false,"id":99,"loyaltyReward":false,"masteryLevel":5,"masteryPoints":25010,"name":"Lux","owned":true,"positionsFav
[bridge] websocket <= [8,"OnJsonApiEvent",{"data":{"championsFreeToPlay":0,"championsLoyaltyReward":0,"championsOwned":172,"championsRented":0,"championsXboxGPReward":0},"eventType":"Create","uri":"/lol-champions/v1/invent
[bridge] websocket <= [8,"OnJsonApiEvent",{"data":{"disabled":false,"freeToPlay":false,"freeToPlayForQueue":false,"id":101,"loyaltyReward":false,"masteryLevel":4,"masteryPoints":20074,"name":"Xerath","owned":true,"position
[bridge] websocket <= [8,"OnJsonApiEvent",{"data":{"disabled":false,"freeToPlay":false,"freeToPlayForQueue":false,"id":102,"loyaltyReward":false,"masteryLevel":5,"masteryPoints":22402,"name":"Shyvana","owned":true,"positio
[bridge] websocket <= [8,"OnJsonApiEvent",{"data":{"disabled":false,"freeToPlay":true,"freeToPlayForQueue":false,"id":103,"loyaltyReward":false,"masteryLevel":3,"masteryPoints":7060,"name":"Ahri","owned":true,"positionsFav
[bridge] websocket <= [8,"OnJsonApiEvent",{"data":{"disabled":false,"freeToPlay":false,"freeToPlayForQueue":false,"id":104,"loyaltyReward":false,"masteryLevel":2,"masteryPoints":5014,"name":"Graves","owned":true,"positions
[bridge] websocket <= [8,"OnJsonApiEvent",{"data":{"disabled":false,"freeToPlay":false,"freeToPlayForQueue":false,"id":105,"loyaltyReward":false,"masteryLevel":3,"masteryPoints":9536,"name":"Fizz","owned":true,"positionsFa
[bridge] websocket <= [8,"OnJsonApiEvent",{"data":{"disabled":false,"freeToPlay":false,"freeToPlayForQueue":false,"id":106,"loyaltyReward":false,"masteryLevel":4,"masteryPoints":16859,"name":"Volibear","owned":true,"positi
[bridge] websocket <= [8,"OnJsonApiEvent",{"data":{"disabled":false,"freeToPlay":false,"freeToPlayForQueue":false,"id":107,"loyaltyReward":false,"masteryLevel":4,"masteryPoints":22226,"name":"Rengar","owned":true,"position
[bridge] websocket <= [8,"OnJsonApiEvent",{"data":{"disabled":false,"freeToPlay":false,"freeToPlayForQueue":false,"id":110,"loyaltyReward":false,"masteryLevel":4,"masteryPoints":13142,"name":"Varus","owned":true,"positions
[bridge] websocket <= [8,"OnJsonApiEvent",{"data":{"disabled":false,"freeToPlay":false,"freeToPlayForQueue":false,"id":111,"loyaltyReward":false,"masteryLevel":4,"masteryPoints":13269,"name":"Nautilus","owned":true,"positi
[bridge] websocket <= [8,"OnJsonApiEvent",{"data":{"disabled":false,"freeToPlay":false,"freeToPlayForQueue":false,"id":112,"loyaltyReward":false,"masteryLevel":1,"masteryPoints":1699,"name":"Viktor","owned":true,"positions
[bridge] websocket <= [8,"OnJsonApiEvent",{"data":{"disabled":false,"freeToPlay":false,"freeToPlayForQueue":false,"id":113,"loyaltyReward":false,"masteryLevel":2,"masteryPoints":3931,"name":"Sejuani","owned":true,"position
[bridge] websocket <= [8,"OnJsonApiEvent",{"data":{"disabled":false,"freeToPlay":false,"freeToPlayForQueue":false,"id":114,"loyaltyReward":false,"masteryLevel":7,"masteryPoints":50273,"name":"Fiora","owned":true,"positions
[bridge] websocket <= [8,"OnJsonApiEvent",{"data":{"disabled":false,"freeToPlay":false,"freeToPlayForQueue":false,"id":115,"loyaltyReward":false,"masteryLevel":2,"masteryPoints":4882,"name":"Ziggs","owned":true,"positionsF
[bridge] websocket <= [8,"OnJsonApiEvent",{"data":{"disabled":false,"freeToPlay":false,"freeToPlayForQueue":false,"id":117,"loyaltyReward":false,"masteryLevel":2,"masteryPoints":4434,"name":"Lulu","owned":true,"positionsFa
[bridge] websocket <= [8,"OnJsonApiEvent",{"data":{"disabled":false,"freeToPlay":false,"freeToPlayForQueue":false,"id":119,"loyaltyReward":false,"masteryLevel":11,"masteryPoints":88403,"name":"Draven","owned":true,"positio
[bridge] websocket <= [8,"OnJsonApiEvent",{"data":{"disabled":false,"freeToPlay":false,"freeToPlayForQueue":false,"id":120,"loyaltyReward":false,"masteryLevel":3,"masteryPoints":8829,"name":"Hecarim","owned":true,"position
[bridge] websocket <= [8,"OnJsonApiEvent",{"data":{"disabled":false,"freeToPlay":false,"freeToPlayForQueue":false,"id":121,"loyaltyReward":false,"masteryLevel":4,"masteryPoints":13590,"name":"Kha'Zix","owned":true,"positio
[bridge] websocket <= [8,"OnJsonApiEvent",{"data":{"disabled":false,"freeToPlay":false,"freeToPlayForQueue":false,"id":122,"loyaltyReward":false,"masteryLevel":8,"masteryPoints":57241,"name":"Darius","owned":true,"position
[bridge] websocket <= [8,"OnJsonApiEvent",{"data":{"disabled":false,"freeToPlay":false,"freeToPlayForQueue":false,"id":126,"loyaltyReward":false,"masteryLevel":4,"masteryPoints":15155,"name":"Jayce","owned":true,"positions
[bridge] websocket <= [8,"OnJsonApiEvent",{"data":{"disabled":false,"freeToPlay":false,"freeToPlayForQueue":false,"id":127,"loyaltyReward":false,"masteryLevel":2,"masteryPoints":1976,"name":"Lissandra","owned":true,"positi
[bridge] websocket <= [8,"OnJsonApiEvent",{"data":{"disabled":false,"freeToPlay":false,"freeToPlayForQueue":false,"id":131,"loyaltyReward":false,"masteryLevel":8,"masteryPoints":60051,"name":"Diana","owned":true,"positions
[bridge] websocket <= [8,"OnJsonApiEvent",{"data":{"disabled":false,"freeToPlay":false,"freeToPlayForQueue":false,"id":133,"loyaltyReward":false,"masteryLevel":13,"masteryPoints":119075,"name":"Quinn","owned":true,"positio
[bridge] websocket <= [8,"OnJsonApiEvent",{"data":{"disabled":false,"freeToPlay":true,"freeToPlayForQueue":false,"id":134,"loyaltyReward":false,"masteryLevel":4,"masteryPoints":14874,"name":"Syndra","owned":true,"positions
[bridge] websocket <= [8,"OnJsonApiEvent",{"data":{"disabled":false,"freeToPlay":false,"freeToPlayForQueue":false,"id":136,"loyaltyReward":false,"masteryLevel":4,"masteryPoints":14493,"name":"Aurelion Sol","owned":true,"po
[bridge] websocket <= [8,"OnJsonApiEvent",{"data":{"disabled":false,"freeToPlay":false,"freeToPlayForQueue":false,"id":141,"loyaltyReward":false,"masteryLevel":5,"masteryPoints":30310,"name":"Kayn","owned":true,"positionsF
[bridge] websocket <= [8,"OnJsonApiEvent",{"data":{"disabled":false,"freeToPlay":false,"freeToPlayForQueue":false,"id":142,"loyaltyReward":false,"masteryLevel":3,"masteryPoints":6440,"name":"Zoe","owned":true,"positionsFav
[bridge] websocket <= [8,"OnJsonApiEvent",{"data":{"disabled":false,"freeToPlay":false,"freeToPlayForQueue":false,"id":143,"loyaltyReward":false,"masteryLevel":1,"masteryPoints":311,"name":"Zyra","owned":true,"positionsFav
[bridge] websocket <= [8,"OnJsonApiEvent",{"data":{"disabled":false,"freeToPlay":false,"freeToPlayForQueue":false,"id":145,"loyaltyReward":false,"masteryLevel":5,"masteryPoints":27195,"name":"Kai'Sa","owned":true,"position
[bridge] websocket <= [8,"OnJsonApiEvent",{"data":{"disabled":false,"freeToPlay":false,"freeToPlayForQueue":false,"id":147,"loyaltyReward":false,"masteryLevel":6,"masteryPoints":35841,"name":"Seraphine","owned":true,"posit
[bridge] websocket <= [8,"OnJsonApiEvent",{"data":{"disabled":false,"freeToPlay":false,"freeToPlayForQueue":false,"id":150,"loyaltyReward":false,"masteryLevel":2,"masteryPoints":2400,"name":"Gnar","owned":true,"positionsFa
[bridge] websocket <= [8,"OnJsonApiEvent",{"data":{"disabled":false,"freeToPlay":false,"freeToPlayForQueue":false,"id":154,"loyaltyReward":false,"masteryLevel":5,"masteryPoints":26972,"name":"Zac","owned":true,"positionsFa
[bridge] websocket <= [8,"OnJsonApiEvent",{"data":{"disabled":false,"freeToPlay":false,"freeToPlayForQueue":false,"id":157,"loyaltyReward":false,"masteryLevel":6,"masteryPoints":33785,"name":"Yasuo","owned":true,"positions
[bridge] websocket <= [8,"OnJsonApiEvent",{"data":{"disabled":false,"freeToPlay":false,"freeToPlayForQueue":false,"id":161,"loyaltyReward":false,"masteryLevel":3,"masteryPoints":8439,"name":"Vel'Koz","owned":true,"position
[bridge] websocket <= [8,"OnJsonApiEvent",{"data":{"disabled":false,"freeToPlay":false,"freeToPlayForQueue":false,"id":163,"loyaltyReward":false,"masteryLevel":2,"masteryPoints":2092,"name":"Taliyah","owned":true,"position
[bridge] websocket <= [8,"OnJsonApiEvent",{"data":{"disabled":false,"freeToPlay":true,"freeToPlayForQueue":false,"id":164,"loyaltyReward":false,"masteryLevel":13,"masteryPoints":113365,"name":"Camille","owned":true,"positi
[bridge] websocket <= [8,"OnJsonApiEvent",{"data":{"disabled":false,"freeToPlay":false,"freeToPlayForQueue":false,"id":166,"loyaltyReward":false,"masteryLevel":4,"masteryPoints":16180,"name":"Akshan","owned":true,"position
[bridge] websocket <= [8,"OnJsonApiEvent",{"data":{"disabled":false,"freeToPlay":false,"freeToPlayForQueue":false,"id":200,"loyaltyReward":false,"masteryLevel":2,"masteryPoints":5246,"name":"Bel'Veth","owned":true,"positio
[bridge] websocket <= [8,"OnJsonApiEvent",{"data":{"disabled":false,"freeToPlay":false,"freeToPlayForQueue":false,"id":201,"loyaltyReward":false,"masteryLevel":2,"masteryPoints":2330,"name":"Braum","owned":true,"positionsF
[bridge] websocket <= [8,"OnJsonApiEvent",{"data":{"disabled":false,"freeToPlay":false,"freeToPlayForQueue":false,"id":202,"loyaltyReward":false,"masteryLevel":6,"masteryPoints":31875,"name":"Jhin","owned":true,"positionsF
[bridge] websocket <= [8,"OnJsonApiEvent",{"data":{"disabled":false,"freeToPlay":true,"freeToPlayForQueue":false,"id":203,"loyaltyReward":false,"masteryLevel":5,"masteryPoints":27358,"name":"Kindred","owned":true,"position
[bridge] websocket <= [8,"OnJsonApiEvent",{"data":{"disabled":false,"freeToPlay":false,"freeToPlayForQueue":false,"id":221,"loyaltyReward":false,"masteryLevel":2,"masteryPoints":5356,"name":"Zeri","owned":true,"positionsFa
[bridge] websocket <= [8,"OnJsonApiEvent",{"data":{"disabled":false,"freeToPlay":false,"freeToPlayForQueue":false,"id":222,"loyaltyReward":false,"masteryLevel":9,"masteryPoints":68483,"name":"Jinx","owned":true,"positionsF
[bridge] websocket <= [8,"OnJsonApiEvent",{"data":{"disabled":false,"freeToPlay":true,"freeToPlayForQueue":false,"id":223,"loyaltyReward":false,"masteryLevel":5,"masteryPoints":22990,"name":"Tahm Kench","owned":true,"posit
[bridge] websocket <= [8,"OnJsonApiEvent",{"data":{"disabled":false,"freeToPlay":false,"freeToPlayForQueue":false,"id":233,"loyaltyReward":false,"masteryLevel":8,"masteryPoints":56030,"name":"Briar","owned":true,"positions
[bridge] websocket <= [8,"OnJsonApiEvent",{"data":{"disabled":false,"freeToPlay":false,"freeToPlayForQueue":false,"id":234,"loyaltyReward":false,"masteryLevel":14,"masteryPoints":129505,"name":"Viego","owned":true,"positio
[bridge] websocket <= [8,"OnJsonApiEvent",{"data":{"disabled":false,"freeToPlay":false,"freeToPlayForQueue":false,"id":235,"loyaltyReward":false,"masteryLevel":8,"masteryPoints":55637,"name":"Senna","owned":true,"positions
[bridge] websocket <= [8,"OnJsonApiEvent",{"data":{"disabled":false,"freeToPlay":false,"freeToPlayForQueue":false,"id":236,"loyaltyReward":false,"masteryLevel":9,"masteryPoints":65355,"name":"Lucian","owned":true,"position
[bridge] websocket <= [8,"OnJsonApiEvent",{"data":{"disabled":false,"freeToPlay":false,"freeToPlayForQueue":false,"id":238,"loyaltyReward":false,"masteryLevel":4,"masteryPoints":19766,"name":"Zed","owned":true,"positionsFa
[bridge] websocket <= [8,"OnJsonApiEvent",{"data":{"disabled":false,"freeToPlay":false,"freeToPlayForQueue":false,"id":240,"loyaltyReward":false,"masteryLevel":3,"masteryPoints":9553,"name":"Kled","owned":true,"positionsFa
[bridge] websocket <= [8,"OnJsonApiEvent",{"data":{"disabled":false,"freeToPlay":false,"freeToPlayForQueue":false,"id":245,"loyaltyReward":false,"masteryLevel":4,"masteryPoints":12737,"name":"Ekko","owned":true,"positionsF
[bridge] websocket <= [8,"OnJsonApiEvent",{"data":{"disabled":false,"freeToPlay":false,"freeToPlayForQueue":false,"id":246,"loyaltyReward":false,"masteryLevel":2,"masteryPoints":2186,"name":"Qiyana","owned":true,"positions
[bridge] websocket <= [8,"OnJsonApiEvent",{"data":{"disabled":false,"freeToPlay":false,"freeToPlayForQueue":false,"id":254,"loyaltyReward":false,"masteryLevel":3,"masteryPoints":11301,"name":"Vi","owned":true,"positionsFav
[bridge] websocket <= [8,"OnJsonApiEvent",{"data":{"disabled":false,"freeToPlay":false,"freeToPlayForQueue":false,"id":266,"loyaltyReward":false,"masteryLevel":5,"masteryPoints":28415,"name":"Aatrox","owned":true,"position
[bridge] websocket <= [8,"OnJsonApiEvent",{"data":{"disabled":false,"freeToPlay":false,"freeToPlayForQueue":false,"id":267,"loyaltyReward":false,"masteryLevel":3,"masteryPoints":9101,"name":"Nami","owned":true,"positionsFa
[bridge] websocket <= [8,"OnJsonApiEvent",{"data":{"disabled":false,"freeToPlay":false,"freeToPlayForQueue":false,"id":268,"loyaltyReward":false,"masteryLevel":3,"masteryPoints":9583,"name":"Azir","owned":true,"positionsFa
[bridge] websocket <= [8,"OnJsonApiEvent",{"data":{"disabled":false,"freeToPlay":false,"freeToPlayForQueue":false,"id":350,"loyaltyReward":false,"masteryLevel":4,"masteryPoints":18947,"name":"Yuumi","owned":true,"positions
[bridge] websocket <= [8,"OnJsonApiEvent",{"data":{"disabled":false,"freeToPlay":false,"freeToPlayForQueue":false,"id":360,"loyaltyReward":false,"masteryLevel":4,"masteryPoints":16272,"name":"Samira","owned":true,"position
[bridge] websocket <= [8,"OnJsonApiEvent",{"data":{"disabled":false,"freeToPlay":false,"freeToPlayForQueue":false,"id":412,"loyaltyReward":false,"masteryLevel":7,"masteryPoints":43774,"name":"Thresh","owned":true,"position
[bridge] websocket <= [8,"OnJsonApiEvent",{"data":{"disabled":false,"freeToPlay":false,"freeToPlayForQueue":false,"id":420,"loyaltyReward":false,"masteryLevel":4,"masteryPoints":18671,"name":"Illaoi","owned":true,"position
[bridge] websocket <= [8,"OnJsonApiEvent",{"data":{"disabled":false,"freeToPlay":false,"freeToPlayForQueue":false,"id":421,"loyaltyReward":false,"masteryLevel":2,"masteryPoints":3757,"name":"Rek'Sai","owned":true,"position
[bridge] websocket <= [8,"OnJsonApiEvent",{"data":{"disabled":false,"freeToPlay":false,"freeToPlayForQueue":false,"id":427,"loyaltyReward":false,"masteryLevel":2,"masteryPoints":3955,"name":"Ivern","owned":true,"positionsF
[bridge] websocket <= [8,"OnJsonApiEvent",{"data":{"disabled":false,"freeToPlay":false,"freeToPlayForQueue":false,"id":429,"loyaltyReward":false,"masteryLevel":3,"masteryPoints":8918,"name":"Kalista","owned":true,"position
[bridge] websocket <= [8,"OnJsonApiEvent",{"data":{"disabled":false,"freeToPlay":false,"freeToPlayForQueue":false,"id":432,"loyaltyReward":false,"masteryLevel":3,"masteryPoints":10332,"name":"Bard","owned":true,"positionsF
[bridge] websocket <= [8,"OnJsonApiEvent",{"data":{"disabled":false,"freeToPlay":false,"freeToPlayForQueue":false,"id":497,"loyaltyReward":false,"masteryLevel":2,"masteryPoints":3656,"name":"Rakan","owned":true,"positionsF
[bridge] websocket <= [8,"OnJsonApiEvent",{"data":{"disabled":false,"freeToPlay":true,"freeToPlayForQueue":false,"id":498,"loyaltyReward":false,"masteryLevel":2,"masteryPoints":1930,"name":"Xayah","owned":true,"positionsFa
[bridge] websocket <= [8,"OnJsonApiEvent",{"data":{"disabled":false,"freeToPlay":false,"freeToPlayForQueue":false,"id":516,"loyaltyReward":false,"masteryLevel":3,"masteryPoints":11827,"name":"Ornn","owned":true,"positionsF
[bridge] websocket <= [8,"OnJsonApiEvent",{"data":{"disabled":false,"freeToPlay":false,"freeToPlayForQueue":false,"id":517,"loyaltyReward":false,"masteryLevel":3,"masteryPoints":11543,"name":"Sylas","owned":true,"positions
[bridge] websocket <= [8,"OnJsonApiEvent",{"data":{"disabled":false,"freeToPlay":true,"freeToPlayForQueue":false,"id":518,"loyaltyReward":false,"masteryLevel":2,"masteryPoints":2428,"name":"Neeko","owned":true,"positionsFa
[bridge] websocket <= [8,"OnJsonApiEvent",{"data":{"disabled":false,"freeToPlay":false,"freeToPlayForQueue":false,"id":523,"loyaltyReward":false,"masteryLevel":5,"masteryPoints":21739,"name":"Aphelios","owned":true,"positi
[bridge] websocket <= [8,"OnJsonApiEvent",{"data":{"disabled":false,"freeToPlay":false,"freeToPlayForQueue":false,"id":526,"loyaltyReward":false,"masteryLevel":1,"masteryPoints":498,"name":"Rell","owned":true,"positionsFav
[bridge] websocket <= [8,"OnJsonApiEvent",{"data":{"disabled":false,"freeToPlay":false,"freeToPlayForQueue":false,"id":555,"loyaltyReward":false,"masteryLevel":9,"masteryPoints":71685,"name":"Pyke","owned":true,"positionsF
[bridge] websocket <= [8,"OnJsonApiEvent",{"data":{"disabled":false,"freeToPlay":true,"freeToPlayForQueue":false,"id":711,"loyaltyReward":false,"masteryLevel":2,"masteryPoints":2752,"name":"Vex","owned":true,"positionsFavo
[bridge] websocket <= [8,"OnJsonApiEvent",{"data":{"disabled":false,"freeToPlay":false,"freeToPlayForQueue":false,"id":777,"loyaltyReward":false,"masteryLevel":4,"masteryPoints":12937,"name":"Yone","owned":true,"positionsF
[bridge] websocket <= [8,"OnJsonApiEvent",{"data":{"disabled":false,"freeToPlay":false,"freeToPlayForQueue":false,"id":799,"loyaltyReward":false,"masteryLevel":1,"masteryPoints":1010,"name":"Ambessa","owned":true,"position
[bridge] websocket <= [8,"OnJsonApiEvent",{"data":{"disabled":false,"freeToPlay":false,"freeToPlayForQueue":false,"id":800,"loyaltyReward":false,"masteryLevel":2,"masteryPoints":2802,"name":"Mel","owned":true,"positionsFav
[bridge] websocket <= [8,"OnJsonApiEvent",{"data":{"disabled":false,"freeToPlay":false,"freeToPlayForQueue":false,"id":804,"loyaltyReward":false,"masteryLevel":2,"masteryPoints":2854,"name":"Yunara","owned":true,"positions
[bridge] websocket <= [8,"OnJsonApiEvent",{"data":{"disabled":false,"freeToPlay":false,"freeToPlayForQueue":false,"id":875,"loyaltyReward":false,"masteryLevel":8,"masteryPoints":59936,"name":"Sett","owned":true,"positionsF
[bridge] websocket <= [8,"OnJsonApiEvent",{"data":{"disabled":false,"freeToPlay":false,"freeToPlayForQueue":false,"id":876,"loyaltyReward":false,"masteryLevel":3,"masteryPoints":9691,"name":"Lillia","owned":true,"positions
[bridge] websocket <= [8,"OnJsonApiEvent",{"data":{"disabled":false,"freeToPlay":false,"freeToPlayForQueue":false,"id":887,"loyaltyReward":false,"masteryLevel":2,"masteryPoints":5282,"name":"Gwen","owned":true,"positionsFa
[bridge] websocket <= [8,"OnJsonApiEvent",{"data":{"disabled":false,"freeToPlay":false,"freeToPlayForQueue":false,"id":888,"loyaltyReward":false,"masteryLevel":2,"masteryPoints":5960,"name":"Renata Glasc","owned":true,"pos
[bridge] websocket <= [8,"OnJsonApiEvent",{"data":{"disabled":false,"freeToPlay":false,"freeToPlayForQueue":false,"id":893,"loyaltyReward":false,"masteryLevel":2,"masteryPoints":3743,"name":"Aurora","owned":true,"positions
[bridge] websocket <= [8,"OnJsonApiEvent",{"data":{"disabled":false,"freeToPlay":true,"freeToPlayForQueue":false,"id":895,"loyaltyReward":false,"masteryLevel":3,"masteryPoints":7451,"name":"Nilah","owned":true,"positionsFa
[bridge] websocket <= [8,"OnJsonApiEvent",{"data":{"disabled":false,"freeToPlay":true,"freeToPlayForQueue":false,"id":897,"loyaltyReward":false,"masteryLevel":2,"masteryPoints":2961,"name":"K'Sante","owned":true,"positions
[bridge] websocket <= [8,"OnJsonApiEvent",{"data":{"disabled":false,"freeToPlay":false,"freeToPlayForQueue":false,"id":901,"loyaltyReward":false,"masteryLevel":2,"masteryPoints":2668,"name":"Smolder","owned":true,"position
[bridge] websocket <= [8,"OnJsonApiEvent",{"data":{"disabled":false,"freeToPlay":true,"freeToPlayForQueue":false,"id":902,"loyaltyReward":false,"masteryLevel":2,"masteryPoints":3873,"name":"Milio","owned":true,"positionsFa
[bridge] websocket <= [8,"OnJsonApiEvent",{"data":{"disabled":false,"freeToPlay":false,"freeToPlayForQueue":false,"id":904,"loyaltyReward":false,"masteryLevel":3,"masteryPoints":7113,"name":"Zaahen","owned":true,"positions
[bridge] websocket <= [8,"OnJsonApiEvent",{"data":{"disabled":false,"freeToPlay":false,"freeToPlayForQueue":false,"id":910,"loyaltyReward":false,"masteryLevel":2,"masteryPoints":3733,"name":"Hwei","owned":true,"positionsFa
[bridge] websocket <= [8,"OnJsonApiEvent",{"data":{"disabled":false,"freeToPlay":false,"freeToPlayForQueue":false,"id":950,"loyaltyReward":false,"masteryLevel":2,"masteryPoints":3029,"name":"Naafiri","owned":true,"position
[bridge] websocket <= [8,"OnJsonApiEvent",{"data":{"disabled":false,"freeToPlay":false,"freeToPlayForQueue":false,"id":66600,"loyaltyReward":false,"masteryLevel":0,"masteryPoints":0,"name":"Doom Bot Urgot","owned":false,"p
[bridge] websocket <= [8,"OnJsonApiEvent",{"data":{"disabled":false,"freeToPlay":false,"freeToPlayForQueue":false,"id":66602,"loyaltyReward":false,"masteryLevel":0,"masteryPoints":0,"name":"Doom Bot Corki","owned":false,"p
[bridge] websocket <= [8,"OnJsonApiEvent",{"data":{"disabled":false,"freeToPlay":false,"freeToPlayForQueue":false,"id":66603,"loyaltyReward":false,"masteryLevel":0,"masteryPoints":0,"name":"Doom Bot Lux","owned":false,"pos
[bridge] websocket <= [8,"OnJsonApiEvent",{"data":{"disabled":false,"freeToPlay":false,"freeToPlayForQueue":false,"id":66604,"loyaltyReward":false,"masteryLevel":0,"masteryPoints":0,"name":"Doom Bot Amumu","owned":false,"p
[bridge] websocket <= [8,"OnJsonApiEvent",{"data":{"disabled":false,"freeToPlay":false,"freeToPlayForQueue":false,"id":66605,"loyaltyReward":false,"masteryLevel":0,"masteryPoints":0,"name":"Doom Bot Cho'Gath","owned":false
[bridge] websocket <= [8,"OnJsonApiEvent",{"data":{"disabled":false,"freeToPlay":false,"freeToPlayForQueue":false,"id":66606,"loyaltyReward":false,"masteryLevel":0,"masteryPoints":0,"name":"Doom Bot Tristana","owned":false
[bridge] websocket <= [8,"OnJsonApiEvent",{"data":{"disabled":false,"freeToPlay":false,"freeToPlayForQueue":false,"id":66607,"loyaltyReward":false,"masteryLevel":0,"masteryPoints":0,"name":"Doom Bot Nami","owned":false,"po
[bridge] websocket <= [8,"OnJsonApiEvent",{"data":{"disabled":false,"freeToPlay":false,"freeToPlayForQueue":false,"id":66608,"loyaltyReward":false,"masteryLevel":0,"masteryPoints":0,"name":"Doom Bot Lee Sin","owned":false,
[bridge] websocket <= [8,"OnJsonApiEvent",{"data":{"disabled":false,"freeToPlay":false,"freeToPlayForQueue":false,"id":66609,"loyaltyReward":false,"masteryLevel":0,"masteryPoints":0,"name":"Doom Bot Caitlyn","owned":false,
[bridge] websocket <= [8,"OnJsonApiEvent",{"data":{"disabled":false,"freeToPlay":false,"freeToPlayForQueue":false,"id":66610,"loyaltyReward":false,"masteryLevel":0,"masteryPoints":0,"name":"Doom Bot Nautilus","owned":false
[bridge] websocket <= [8,"OnJsonApiEvent",{"data":{"disabled":false,"freeToPlay":false,"freeToPlayForQueue":false,"id":66611,"loyaltyReward":false,"masteryLevel":0,"masteryPoints":0,"name":"Doom Bot Maokai","owned":false,"
[bridge] websocket <= [8,"OnJsonApiEvent",{"data":{"disabled":false,"freeToPlay":false,"freeToPlayForQueue":false,"id":66612,"loyaltyReward":false,"masteryLevel":0,"masteryPoints":0,"name":"Doom Bot Xerath","owned":false,"
[bridge] websocket <= [8,"OnJsonApiEvent",{"data":{"disabled":false,"freeToPlay":false,"freeToPlayForQueue":false,"id":66613,"loyaltyReward":false,"masteryLevel":0,"masteryPoints":0,"name":"Doom Bot Brand","owned":false,"p
[bridge] websocket <= [8,"OnJsonApiEvent",{"data":{"disabled":false,"freeToPlay":false,"freeToPlayForQueue":false,"id":66614,"loyaltyReward":false,"masteryLevel":0,"masteryPoints":0,"name":"Doom Bot Wukong","owned":false,"
[bridge] websocket <= [8,"OnJsonApiEvent",{"data":{"disabled":false,"freeToPlay":false,"freeToPlayForQueue":false,"id":66615,"loyaltyReward":false,"masteryLevel":0,"masteryPoints":0,"name":"Doom Bot Soraka","owned":false,"
[bridge] websocket <= [8,"OnJsonApiEvent",{"data":{"disabled":false,"freeToPlay":false,"freeToPlayForQueue":false,"id":66616,"loyaltyReward":false,"masteryLevel":0,"masteryPoints":0,"name":"Doom Bot Diana","owned":false,"p
[bridge] websocket <= [8,"OnJsonApiEvent",{"data":{"disabled":false,"freeToPlay":false,"freeToPlayForQueue":false,"id":66617,"loyaltyReward":false,"masteryLevel":0,"masteryPoints":0,"name":"Doom Bot Jinx","owned":false,"po
[bridge] websocket <= [8,"OnJsonApiEvent",{"data":{"disabled":false,"freeToPlay":false,"freeToPlayForQueue":false,"id":66618,"loyaltyReward":false,"masteryLevel":0,"masteryPoints":0,"name":"Doom Bot Malzahar","owned":false
[bridge] websocket <= [8,"OnJsonApiEvent",{"data":{"disabled":false,"freeToPlay":false,"freeToPlayForQueue":false,"id":66619,"loyaltyReward":false,"masteryLevel":0,"masteryPoints":0,"name":"Doom Bot Blitzcrank","owned":fal
[bridge] websocket <= [8,"OnJsonApiEvent",{"data":[{"active":false,"alias":"Annie","banVoPath":"/lol-game-data/assets/v1/champion-ban-vo/1.ogg","baseLoadScreenPath":"/lol-game-data/assets/ASSETS/Characters/Annie/Skins/Base
[bridge] websocket <= [8,"OnJsonApiEvent",{"data":[{"disabled":false,"freeToPlay":false,"freeToPlayForQueue":false,"id":-1,"loyaltyReward":false,"masteryLevel":0,"masteryPoints":0,"name":"None","owned":false,"positionsFavo
[bridge] websocket <= [8,"OnJsonApiEvent",{"data":[{"active":true,"description":"","duration":0,"imagePath":"/lol-game-data/assets/v1/champion-chroma-images/30/30016.png","inactiveDate":18446744073709551615,"inventoryType"
[bridge] websocket <= [8,"OnJsonApiEvent",{"data":{"availability":"chat","gameName":"Elektroney","gameTag":"Eight","icon":6793,"id":"b2cd46ed-87a8-5aeb-a092-89421545101d@eu1.pvp.net","lastSeenOnlineTimestamp":null,"lol":{"
[bridge] websocket <= [8,"OnJsonApiEvent",{"data":{"accountId":2046794905170656,"availability":"chat","discordId":null,"discordOnlineStatus":null,"gameName":"Elektroney","gameTag":"Eight","icon":6793,"id":"b2cd46ed-87a8-5a
[bridge] websocket <= [8,"OnJsonApiEvent",{"data":{"availability":"chat","gameName":"Elektroney","gameTag":"Eight","icon":6793,"id":"b2cd46ed-87a8-5aeb-a092-89421545101d@eu1.pvp.net","lastSeenOnlineTimestamp":null,"lol":{"
[bridge] websocket <= [8,"OnJsonApiEvent",{"data":{"availability":"chat","gameName":"Elektroney","gameTag":"Eight","icon":6793,"id":"b2cd46ed-87a8-5aeb-a092-89421545101d@eu1.pvp.net","lastSeenOnlineTimestamp":null,"lol":{"
[bridge] websocket <= [8,"OnJsonApiEvent",{"data":{"availability":"chat","gameName":"Elektroney","gameTag":"Eight","icon":6793,"id":"b2cd46ed-87a8-5aeb-a092-89421545101d@eu1.pvp.net","lastSeenOnlineTimestamp":null,"lol":{"
[bridge] websocket <= [8,"OnJsonApiEvent",{"data":{"availability":"chat","gameName":"Elektroney","gameTag":"Eight","icon":6793,"id":"b2cd46ed-87a8-5aeb-a092-89421545101d@eu1.pvp.net","lastSeenOnlineTimestamp":null,"lol":{"
[bridge] websocket <= [8,"OnJsonApiEvent",{"data":{"availability":"chat","gameName":"Elektroney","gameTag":"Eight","icon":6793,"id":"b2cd46ed-87a8-5aeb-a092-89421545101d@eu1.pvp.net","lastSeenOnlineTimestamp":null,"lol":{"
[bridge] websocket <= [8,"OnJsonApiEvent",{"data":{"availability":"chat","gameName":"Elektroney","gameTag":"Eight","icon":6793,"id":"b2cd46ed-87a8-5aeb-a092-89421545101d@eu1.pvp.net","lastSeenOnlineTimestamp":null,"lol":{"
[bridge] websocket <= [8,"OnJsonApiEvent",{"data":[{"active":true,"description":"","duration":0,"imagePath":"/lol-game-data/assets/ASSETS/Loadouts/SummonerEmotes/Champions/Lux/Lux_Happy_Cheerful_Inventory.png","inactiveDat
[bridge] websocket <= [8,"OnJsonApiEvent",{"data":[{"active":true,"description":"the Restrained Hunger","duration":0,"imagePath":"/lol-game-data/assets/v1/champion-icons/233.png","inactiveDate":18446744073709551615,"invent
[bridge] websocket <= [8,"OnJsonApiEvent",{"data":[{"active":true,"description":"","duration":0,"imagePath":"/lol-game-data/assets/v1/profile-icons/1231.jpg","inactiveDate":18446744073709551615,"inventoryType":"SUMMONER_IC
[bridge] websocket <= [8,"OnJsonApiEvent",{"data":[{"active":true,"description":"This ticket can be used to play Clash","duration":0,"imagePath":"//d392eissrffsyf.cloudfront.net/storeImages/storeCards/Currency/store-ticket
[bridge] websocket <= [8,"OnJsonApiEvent",{"data":[],"eventType":"Create","uri":"/lol-inventory/v2/inventory/PROGRESSION"}]
[bridge] websocket <= [8,"OnJsonApiEvent",{"data":[{"active":true,"description":"Progress your Spirit Blossom Beyond: Act 1 Battle Pass Track by 500 BXP.","duration":0,"imagePath":"https://d392eissrffsyf.cloudfront.net/sto
[electron] screenshot C:\Users\offle\Desktop\New folder (7)\league-electron-screenshot-10s.png
[electron] state:10s {"href":"http://127.0.0.1:59661/index.html","title":"","innerWidth":1280,"innerHeight":720,"bodyWidth":1280,"bodyHeight":720,"bodyTransform":"none","manualDragAt100x10":true,"manualDragAt500x10":true,"manualDragAtRightControls":false,"dragElementTag":"DIV","dragElementRegion":"no-drag","partyTooltipTextPresent":false,"scripts":42,"loadingExists":false,"bodyText":"Rain Shepherd Ivern\n1350\nBUY NOW\nQUINN AND IVERN SKINS\nARENA\nESSENCE EMPORIUM\nSEASON: PANDEMONIUM\nPANDEMONIUM SKINS\nPROJECT: COMMAND LINE YI\nARAM: MAYHEM\nRANKED\nPATCH NOTES\n567\n View Profile\nElektroney‎\nOnline\nSOCIAL\nGENERAL (12/110)\nNerø\nCreating Ranked Game\ntiffaniplays\nOnline\nKaiju626\nIn Game\nMID PROTAGONIST\nIn Game\nOZZY\nIn Game\npainter is right\nIn Queue\nVenonat\nChamp Select\nDani\nRiot Mobile\nqBaumi\nRiot Mobile\nRazprrambo\nRiot Mobile\nSoftwilly\nRiot Mobile\nchud sahur\nAway\n13TheNightmare\nOffline","keys":["riotInvoke"],"contentSize":[1024,576],"bounds":{"x":448,"y":228,"width":1024,"height":576},"zoomFactor":0.8}
[bridge] websocket <= [8,"OnJsonApiEvent",{"data":[{"active":false,"alias":"None","banVoPath":"/lol-game-data/assets/v1/champion-ban-vo/-1.ogg","baseLoadScreenPath":"","baseSplashPath":"","botEnabled":false,"chooseVoPath":
[bridge] websocket <= [8,"OnJsonApiEvent",{"data":true,"eventType":"Update","uri":"/lol-loot/v1/ready"}]
[bridge] websocket <= [8,"OnJsonApiEvent",{"data":{"accountId":2046794905170656,"modified":false,"timestamp":0},"eventType":"Update","uri":"/data-store/v1/install-settings/lcu-settings"}]
[bridge] websocket <= [8,"OnJsonApiEvent",{"data":{"errorId":"","errorMessage":""},"eventType":"Update","uri":"/lol-event-hub/v1/events/62e1f515-1815-475c-b402-3a6d29269d4e/reward-track/failure"}]
[bridge] websocket <= [8,"OnJsonApiEvent",{"data":{"errorId":"","errorMessage":""},"eventType":"Update","uri":"/lol-event-hub/v1/events/675bc323-891c-49f8-8314-8a6f38eb2589/reward-track/failure"}]
[bridge] websocket <= [8,"OnJsonApiEvent",{"data":[],"eventType":"Create","uri":"/lol-loot/v1/milestones/items"}]
[bridge] websocket <= [8,"OnJsonApiEvent",{"data":{"alwaysShowLootIds":["MATERIAL_rare","MATERIAL_283","MATERIAL_287","MATERIAL_292","MATERIAL_306","MATERIAL_318","MATERIAL_323","MATERIAL_337","MATERIAL_347","MATERIAL_358"
[bridge] websocket <= [8,"OnJsonApiEvent",{"data":{"currenciesUsingCapWallets":["CURRENCY_champion","MATERIAL_clashtickets","MATERIAL_263","CURRENCY_RP","CURRENCY_mythic","CURRENCY_cosmetic"]},"eventType":"Update","uri":"/
[electron] screenshot C:\Users\offle\Desktop\New folder (7)\league-electron-screenshot-25s.png
[electron] state:25s {"href":"http://127.0.0.1:59661/index.html","title":"","innerWidth":1280,"innerHeight":720,"bodyWidth":1280,"bodyHeight":720,"bodyTransform":"none","manualDragAt100x10":true,"manualDragAt500x10":true,"manualDragAtRightControls":false,"dragElementTag":"DIV","dragElementRegion":"no-drag","partyTooltipTextPresent":false,"scripts":42,"loadingExists":false,"bodyText":"PROJECT: Quinn\n1350\nBUY NOW\nQUINN AND IVERN SKINS\nARENA\nESSENCE EMPORIUM\nSEASON: PANDEMONIUM\nPANDEMONIUM SKINS\nPROJECT: COMMAND LINE YI\nARAM: MAYHEM\nRANKED\nPATCH NOTES\n567\n View Profile\nElektroney‎\nOnline\nSOCIAL\nGENERAL (12/110)\nNerø\nCreating Ranked Game\ntiffaniplays\nOnline\nKaiju626\nIn Game\nMID PROTAGONIST\nIn Game\nOZZY\nIn Game\npainter is right\nIn Queue\nVenonat\nChamp Select\nDani\nRiot Mobile\nqBaumi\nRiot Mobile\nRazprrambo\nRiot Mobile\nSoftwilly\nRiot Mobile\nchud sahur\nAway\n13TheNightmare\nOffline\nAres","keys":["riotInvoke"],"contentSize":[1024,576],"bounds":{"x":448,"y":228,"width":1024,"height":576},"zoomFactor":0.8}
[electron] screenshot C:\Users\offle\Desktop\New folder (7)\league-electron-screenshot-25s.png
[electron] state:25s {"href":"http://127.0.0.1:59661/index.html","title":"","innerWidth":1280,"innerHeight":720,"bodyWidth":1280,"bodyHeight":720,"bodyTransform":"none","manualDragAt100x10":true,"manualDragAt500x10":true,"manualDragAtRightControls":false,"dragElementTag":"DIV","dragElementRegion":"no-drag","partyTooltipTextPresent":false,"scripts":42,"loadingExists":false,"bodyText":"PROJECT: Quinn\n1350\nBUY NOW\nQUINN AND IVERN SKINS\nARENA\nESSENCE EMPORIUM\nSEASON: PANDEMONIUM\nPANDEMONIUM SKINS\nPROJECT: COMMAND LINE YI\nARAM: MAYHEM\nRANKED\nPATCH NOTES\n567\n View Profile\nElektroney‎\nOnline\nSOCIAL\nGENERAL (12/110)\nNerø\nCreating Ranked Game\ntiffaniplays\nOnline\nKaiju626\nIn Game\nMID PROTAGONIST\nIn Game\nOZZY\nIn Game\npainter is right\nIn Queue\nVenonat\nChamp Select\nDani\nRiot Mobile\nqBaumi\nRiot Mobile\nRazprrambo\nRiot Mobile\nSoftwilly\nRiot Mobile\nchud sahur\nAway\n13TheNightmare\nOffline\nAres","keys":["riotInvoke"],"contentSize":[1024,576],"bounds":{"x":448,"y":228,"width":1024,"height":576},"zoomFactor":0.8}
[bridge] websocket <= [8,"OnJsonApiEvent",{"data":{"availability":"dnd","discordId":null,"discordInfo":null,"discordOnlineStatus":null,"displayGroupId":0,"displayGroupName":"**Default","gameName":"Kaiju626","gameTag":"TURK
[bridge] websocket <= [8,"OnJsonApiEvent",{"data":{"gameName":"Kaiju626","puuid":"516bde7e-9c14-599c-a07c-b59deafb658d","summonerId":57898082,"tagLine":"TURK"},"eventType":"Create","uri":"/lol-game-client-chat/v2/buddies/5
[bridge] websocket <= [8,"OnJsonApiEvent",{"data":{"accountId":209800932,"availability":"dnd","discordId":null,"discordOnlineStatus":null,"gameName":"Kaiju626","gameTag":"TURK","icon":1094,"id":"516bde7e-9c14-599c-a07c-b59
[bridge] websocket <= [8,"OnJsonApiEvent",{"data":"eyJzaGFyZElkIjoiZXV3MSIsInN1YiI6ImIyY2Q0NmVkLTg3YTgtNWFlYi1hMDkyLTg5NDIxNTQ1MTAxZCIsImFjY291bnRJZCI6IjIwNDY3OTQ5MDUxNzA2NTYiLCJzdW1tb25lcklkIjoiMTE3NjM4NzQ1IiwiYWxnIjoiUlM
[bridge] websocket <= [8,"OnJsonApiEvent",{"data":false,"eventType":"Update","uri":"/lol-lobby/v2/eligibility/initial-configuration-complete"}]
[bridge] websocket <= [8,"OnJsonApiEvent",{"data":true,"eventType":"Update","uri":"/lol-lobby/v2/eligibility/initial-configuration-complete"}]
[bridge] websocket <= [8,"OnJsonApiEvent",{"data":-361101425103949003,"eventType":"Update","uri":"/lol-lobby/v2/eligibility/game-select-eligibility-hash"}]
[renderer:1]         rcp-fe-lol-parties| reasons.eligibility.fetch Eligibilities initial configuration complete (http://127.0.0.1:59661/fe/common-libs/rcp-fe-common-libs.js?t=1779656031494:1)
[bridge] websocket <= [8,"OnJsonApiEvent",{"data":{"ackRequired":false,"id":"","payload":"{\"player\":{\"platformId\":\"EUW1\",\"puuid\":\"b2cd46ed-87a8-5aeb-a092-89421545101d\",\"accountId\":2046794905170656,\"summonerId\
[bridge] websocket <= [8,"OnJsonApiEvent",{"data":{"action":"CheckingForUpdates","components":[{"action":"CheckingForUpdates","id":"lol_game_client_sln","isCorrupted":false,"isUpToDate":true,"isUpdateAvailable":false,"prog
[bridge] websocket <= [8,"OnJsonApiEvent",{"data":{"action":"CheckingForUpdates","components":[{"action":"CheckingForUpdates","id":"lol_game_client_sln","isCorrupted":false,"isUpToDate":true,"isUpdateAvailable":false,"prog
[bridge] websocket <= [8,"OnJsonApiEvent",{"data":{"action":"Idle","components":[{"action":"Idle","id":"lol_game_client_sln","isCorrupted":false,"isUpToDate":true,"isUpdateAvailable":false,"progress":null,"timeOfLastUpToDa
[bridge] websocket <= [8,"OnJsonApiEvent",{"data":{"action":"Idle","components":[{"action":"Idle","id":"lol_game_client_sln","isCorrupted":false,"isUpToDate":true,"isUpdateAvailable":false,"progress":null,"timeOfLastUpToDa
[renderer:1]         rcp-fe-lol-parties| reasons.eligibility.fetch Getting first eligible queue (http://127.0.0.1:59661/fe/common-libs/rcp-fe-common-libs.js?t=1779656031494:1)
[request:error] net::ERR_ABORTED GET http://127.0.0.1:59661/fe/lol-static-assets/videos/play-button-hover-intro.webm
[request:error] net::ERR_ABORTED GET http://127.0.0.1:59661/fe/lol-static-assets/videos/play-button-hover-loop.webm
[renderer:1] isaac selected:  [object Object] (http://127.0.0.1:59661/fe/ember-libs/rcp-fe-ember-libs.js?t=1779656031494:1)
[renderer:1]         rcp-fe-lol-parties| reasons.gameSelect.allQueuesForCategoryDisabled selected.category=kPvP (http://127.0.0.1:59661/fe/common-libs/rcp-fe-common-libs.js?t=1779656031494:1)
[renderer:1]         rcp-fe-lol-parties| reasons.gameSelect.allQueuesForCategoryDisabled ineligibleForAllQueues=false eligibilityCount=0 queueCount=12 (http://127.0.0.1:59661/fe/common-libs/rcp-fe-common-libs.js?t=1779656031494:1)
[renderer:1]         rcp-fe-lol-parties| reasons.eligibility.refreshEligibilityObserver otherPartyMembers=, detail=[] (http://127.0.0.1:59661/fe/common-libs/rcp-fe-common-libs.js?t=1779656031494:1)
[renderer:1]         rcp-fe-lol-parties| reasons.eligibility.refreshEligibilityObserver gameSelectEligibilityHash=-361101425103949000, isShowingGameSelect=true, otherPartyMembersLength=0 (http://127.0.0.1:59661/fe/common-libs/rcp-fe-common-libs.js?t=1779656031494:1)
[renderer:1]         rcp-fe-lol-parties| reasons.eligibility.refresh Refreshing eligibilities after showing game select screen (http://127.0.0.1:59661/fe/common-libs/rcp-fe-common-libs.js?t=1779656031494:1)
[request:404] GET http://127.0.0.1:59661/lol-gameflow/v1/session
[request:404] GET http://127.0.0.1:59661/lol-suggested-players/v1/suggested-players
[request:404] GET http://127.0.0.1:59661/lol-lobby/v2/lobby/countdown
[request:404] GET http://127.0.0.1:59661/lol-lobby/v1/lobby/invitations
[request:404] GET http://127.0.0.1:59661/lol-lobby/v1/lobby/availability
[bridge] websocket <= [8,"OnJsonApiEvent",{"data":null,"eventType":"Create","uri":"/lol-client-config/v3/client-config/lol.client_settings.tft.always_show_queue_descriptions"}]
[request:404] GET http://127.0.0.1:59661/lol-matchmaking/v1/search
[request:404] GET http://127.0.0.1:59661/lol-lobby/v2/lobby
[bridge] websocket <= [8,"OnJsonApiEvent",{"data":{"backgroundSkinId":0,"equippedBannerFlag":"{\"itemId\":43,\"level\":1,\"seasonId\":11,\"theme\":\"Shurima\"}","regalia":"{\"bannerType\":2,\"crestType\":2,\"selectedPresti
[bridge] websocket <= [8,"OnJsonApiEvent",{"data":{"md5":"09040F750F55C365CED7F6A1A4CE497A"},"eventType":"Update","uri":"/lol-regalia/v2/summoners/117638745/regalia/async"}]
[bridge] websocket <= [8,"OnJsonApiEvent",{"data":{"availability":"chat","gameName":"Elektroney","gameTag":"Eight","icon":6793,"id":"b2cd46ed-87a8-5aeb-a092-89421545101d@eu1.pvp.net","lastSeenOnlineTimestamp":null,"lol":{"
[bridge] websocket <= [8,"OnJsonApiEvent",{"data":{"accountId":2046794905170656,"availability":"chat","discordId":null,"discordOnlineStatus":null,"gameName":"Elektroney","gameTag":"Eight","icon":6793,"id":"b2cd46ed-87a8-5a
[bridge] websocket <= [8,"OnJsonApiEvent",{"data":{"availability":"chat","gameName":"Elektroney","gameTag":"Eight","icon":6793,"id":"b2cd46ed-87a8-5aeb-a092-89421545101d@eu1.pvp.net","lastSeenOnlineTimestamp":null,"lol":{"
[bridge] websocket <= [8,"OnJsonApiEvent",{"data":{"availability":"chat","gameName":"Elektroney","gameTag":"Eight","icon":6793,"id":"b2cd46ed-87a8-5aeb-a092-89421545101d@eu1.pvp.net","lastSeenOnlineTimestamp":null,"lol":{"
[bridge] websocket <= [8,"OnJsonApiEvent",{"data":{"availability":"chat","gameName":"Elektroney","gameTag":"Eight","icon":6793,"id":"b2cd46ed-87a8-5aeb-a092-89421545101d@eu1.pvp.net","lastSeenOnlineTimestamp":null,"lol":{"
[bridge] websocket <= [8,"OnJsonApiEvent",{"data":{"availability":"chat","gameName":"Elektroney","gameTag":"Eight","icon":6793,"id":"b2cd46ed-87a8-5aeb-a092-89421545101d@eu1.pvp.net","lastSeenOnlineTimestamp":null,"lol":{"
[bridge] websocket <= [8,"OnJsonApiEvent",{"data":{"availability":"chat","gameName":"Elektroney","gameTag":"Eight","icon":6793,"id":"b2cd46ed-87a8-5aeb-a092-89421545101d@eu1.pvp.net","lastSeenOnlineTimestamp":null,"lol":{"
[bridge] websocket <= [8,"OnJsonApiEvent",{"data":{"availability":"chat","gameName":"Elektroney","gameTag":"Eight","icon":6793,"id":"b2cd46ed-87a8-5aeb-a092-89421545101d@eu1.pvp.net","lastSeenOnlineTimestamp":null,"lol":{"
[renderer:1]          rcp-fe-ember-libs| reasons.play.disabled, Play button disabled:, detail=["showing lobby"] (http://127.0.0.1:59661/fe/common-libs/rcp-fe-common-libs.js?t=1779656031494:1)
[request:404] GET http://127.0.0.1:59661/lol-lobby/v1/lobby/npe-config
[bridge] websocket <= [8,"OnJsonApiEvent",{"data":[1840],"eventType":"Create","uri":"/lol-client-config/v3/client-config/lol.client_settings.queues.game_select_pip_queue_ids"}]
[bridge] websocket <= [8,"OnJsonApiEvent",{"data":false,"eventType":"Create","uri":"/lol-client-config/v3/client-config/lol.client_settings.tft_skill_tree_enabled"}]
[renderer:1]         rcp-fe-lol-parties| reasons.eligibility.refreshEligibilityObserver otherPartyMembers=, detail=[] (http://127.0.0.1:59661/fe/common-libs/rcp-fe-common-libs.js?t=1779656031494:1)
[renderer:1]         rcp-fe-lol-parties| reasons.eligibility.refreshEligibilityObserver gameSelectEligibilityHash=-361101425103949000, isShowingGameSelect=true, otherPartyMembersLength=0 (http://127.0.0.1:59661/fe/common-libs/rcp-fe-common-libs.js?t=1779656031494:1)
[renderer:1]         rcp-fe-lol-parties| reasons.eligibility.refresh Refreshing eligibilities after showing game select screen (http://127.0.0.1:59661/fe/common-libs/rcp-fe-common-libs.js?t=1779656031494:1)
[bridge] websocket <= [8,"OnJsonApiEvent",{"data":{"action":"CheckingForUpdates","components":[{"action":"CheckingForUpdates","id":"lol_game_client_sln","isCorrupted":false,"isUpToDate":true,"isUpdateAvailable":false,"prog
[bridge] websocket <= [8,"OnJsonApiEvent",{"data":{"action":"CheckingForUpdates","components":[{"action":"CheckingForUpdates","id":"lol_game_client_sln","isCorrupted":false,"isUpToDate":true,"isUpdateAvailable":false,"prog
[bridge] websocket <= [8,"OnJsonApiEvent",{"data":{"action":"Idle","components":[{"action":"Idle","id":"lol_game_client_sln","isCorrupted":false,"isUpToDate":true,"isUpdateAvailable":false,"progress":null,"timeOfLastUpToDa
[bridge] websocket <= [8,"OnJsonApiEvent",{"data":{"action":"Idle","components":[{"action":"Idle","id":"lol_game_client_sln","isCorrupted":false,"isUpToDate":true,"isUpdateAvailable":false,"progress":null,"timeOfLastUpToDa
[bridge] websocket <= [8,"OnJsonApiEvent",{"data":{"gameName":"Venonat","puuid":"856d6b1f-2715-5b49-a5cc-788f1868cacd","summonerId":33398371,"tagLine":"EUW"},"eventType":"Create","uri":"/lol-game-client-chat/v2/buddies/333
[bridge] websocket <= [8,"OnJsonApiEvent",{"data":{"availability":"dnd","discordId":null,"discordInfo":null,"discordOnlineStatus":null,"displayGroupId":0,"displayGroupName":"**Default","gameName":"Venonat","gameTag":"EUW",
[bridge] websocket <= [8,"OnJsonApiEvent",{"data":{"numFriends":110,"numFriendsAvailable":2,"numFriendsAway":1,"numFriendsInChampSelect":0,"numFriendsInGame":3,"numFriendsInQueue":1,"numFriendsMobile":4,"numFriendsOnline":
[bridge] websocket <= [8,"OnJsonApiEvent",{"data":{"md5":"8836AB896CE3E8873BA7F873AA931DFB"},"eventType":"Create","uri":"/lol-regalia/v2/summoners/33398371/regalia/async"}]
[bridge] websocket <= [8,"OnJsonApiEvent",{"data":{"accountId":36953844,"availability":"dnd","discordId":null,"discordOnlineStatus":null,"gameName":"Venonat","gameTag":"EUW","icon":6096,"id":"856d6b1f-2715-5b49-a5cc-788f18
[bridge] websocket <= [8,"OnJsonApiEvent",{"data":{"availability":"dnd","discordId":null,"discordInfo":null,"discordOnlineStatus":null,"displayGroupId":0,"displayGroupName":"**Default","gameName":"Kaiju626","gameTag":"TURK
[bridge] websocket <= [8,"OnJsonApiEvent",{"data":{"gameName":"Kaiju626","puuid":"516bde7e-9c14-599c-a07c-b59deafb658d","summonerId":57898082,"tagLine":"TURK"},"eventType":"Create","uri":"/lol-game-client-chat/v2/buddies/5
[bridge] websocket <= [8,"OnJsonApiEvent",{"data":{"accountId":209800932,"availability":"dnd","discordId":null,"discordOnlineStatus":null,"gameName":"Kaiju626","gameTag":"TURK","icon":1094,"id":"516bde7e-9c14-599c-a07c-b59
[bridge] websocket <= [8,"OnJsonApiEvent",{"data":{"action":"CheckingForUpdates","components":[{"action":"CheckingForUpdates","id":"lol_game_client_sln","isCorrupted":false,"isUpToDate":true,"isUpdateAvailable":false,"prog
[bridge] websocket <= [8,"OnJsonApiEvent",{"data":{"action":"CheckingForUpdates","components":[{"action":"CheckingForUpdates","id":"lol_game_client_sln","isCorrupted":false,"isUpToDate":true,"isUpdateAvailable":false,"prog
[bridge] websocket <= [8,"OnJsonApiEvent",{"data":{"action":"Idle","components":[{"action":"Idle","id":"lol_game_client_sln","isCorrupted":false,"isUpToDate":true,"isUpdateAvailable":false,"progress":null,"timeOfLastUpToDa
[bridge] websocket <= [8,"OnJsonApiEvent",{"data":{"action":"Idle","components":[{"action":"Idle","id":"lol_game_client_sln","isCorrupted":false,"isUpToDate":true,"isUpdateAvailable":false,"progress":null,"timeOfLastUpToDa
[bridge] websocket <= [8,"OnJsonApiEvent",{"data":{"gameName":"Nerø","puuid":"4196481b-45a3-5555-a376-bd909154a6d8","summonerId":98639391,"tagLine":"bond"},"eventType":"Create","uri":"/lol-game-client-chat/v2/buddies/98639
[bridge] websocket <= [8,"OnJsonApiEvent",{"data":{"availability":"away","discordId":null,"discordInfo":null,"discordOnlineStatus":null,"displayGroupId":0,"displayGroupName":"**Default","gameName":"Nerø","gameTag":"bond","
[bridge] websocket <= [8,"OnJsonApiEvent",{"data":{"md5":"934AA38685890E2E350B0D09997D6A93"},"eventType":"Create","uri":"/lol-regalia/v2/summoners/98639391/regalia/async"}]
[bridge] websocket <= [8,"OnJsonApiEvent",{"data":{"numFriends":110,"numFriendsAvailable":1,"numFriendsAway":2,"numFriendsInChampSelect":0,"numFriendsInGame":3,"numFriendsInQueue":1,"numFriendsMobile":4,"numFriendsOnline":
[bridge] websocket <= [8,"OnJsonApiEvent",{"data":{"accountId":232471556,"availability":"away","discordId":null,"discordOnlineStatus":null,"gameName":"Nerø","gameTag":"bond","icon":5919,"id":"4196481b-45a3-5555-a376-bd9091
[bridge] websocket <= [8,"OnJsonApiEvent",{"data":{"action":"CheckingForUpdates","components":[{"action":"CheckingForUpdates","id":"lol_game_client_sln","isCorrupted":false,"isUpToDate":true,"isUpdateAvailable":false,"prog
[bridge] websocket <= [8,"OnJsonApiEvent",{"data":{"action":"CheckingForUpdates","components":[{"action":"CheckingForUpdates","id":"lol_game_client_sln","isCorrupted":false,"isUpToDate":true,"isUpdateAvailable":false,"prog
[bridge] websocket <= [8,"OnJsonApiEvent",{"data":{"action":"Idle","components":[{"action":"Idle","id":"lol_game_client_sln","isCorrupted":false,"isUpToDate":true,"isUpdateAvailable":false,"progress":null,"timeOfLastUpToDa
[bridge] websocket <= [8,"OnJsonApiEvent",{"data":{"action":"Idle","components":[{"action":"Idle","id":"lol_game_client_sln","isCorrupted":false,"isUpToDate":true,"isUpdateAvailable":false,"progress":null,"timeOfLastUpToDa
[bridge] websocket <= [8,"OnJsonApiEvent",{"data":{"availability":"chat","discordId":null,"discordInfo":null,"discordOnlineStatus":null,"displayGroupId":0,"displayGroupName":"**Default","gameName":"KleinerCTutW","gameTag":
[bridge] websocket <= [8,"OnJsonApiEvent",{"data":{"numFriends":110,"numFriendsAvailable":2,"numFriendsAway":2,"numFriendsInChampSelect":0,"numFriendsInGame":3,"numFriendsInQueue":1,"numFriendsMobile":4,"numFriendsOnline":
[bridge] websocket <= [8,"OnJsonApiEvent",{"data":{"gameName":"KleinerCTutW","puuid":"1955e54a-0423-5af5-992e-6bf629a4146f","summonerId":96236900,"tagLine":"420"},"eventType":"Create","uri":"/lol-game-client-chat/v2/buddie
[bridge] websocket <= [8,"OnJsonApiEvent",{"data":{"accountId":231584169,"availability":"chat","discordId":null,"discordOnlineStatus":null,"gameName":"KleinerCTutW","gameTag":"420","icon":979,"id":"1955e54a-0423-5af5-992e-
[bridge] websocket <= [8,"OnJsonApiEvent",{"data":{"availability":"chat","discordId":null,"discordInfo":null,"discordOnlineStatus":null,"displayGroupId":0,"displayGroupName":"**Default","gameName":"KleinerCTutW","gameTag":
[bridge] websocket <= [8,"OnJsonApiEvent",{"data":{"gameName":"KleinerCTutW","puuid":"1955e54a-0423-5af5-992e-6bf629a4146f","summonerId":96236900,"tagLine":"420"},"eventType":"Create","uri":"/lol-game-client-chat/v2/buddie
[bridge] websocket <= [8,"OnJsonApiEvent",{"data":{"accountId":231584169,"availability":"chat","discordId":null,"discordOnlineStatus":null,"gameName":"KleinerCTutW","gameTag":"420","icon":979,"id":"1955e54a-0423-5af5-992e-
[bridge] websocket <= [8,"OnJsonApiEvent",{"data":{"availability":"dnd","discordId":null,"discordInfo":null,"discordOnlineStatus":null,"displayGroupId":0,"displayGroupName":"**Default","gameName":"Kaiju626","gameTag":"TURK
[bridge] websocket <= [8,"OnJsonApiEvent",{"data":{"gameName":"Kaiju626","puuid":"516bde7e-9c14-599c-a07c-b59deafb658d","summonerId":57898082,"tagLine":"TURK"},"eventType":"Create","uri":"/lol-game-client-chat/v2/buddies/5
[bridge] websocket <= [8,"OnJsonApiEvent",{"data":{"accountId":209800932,"availability":"dnd","discordId":null,"discordOnlineStatus":null,"gameName":"Kaiju626","gameTag":"TURK","icon":1094,"id":"516bde7e-9c14-599c-a07c-b59
[bridge] websocket <= [8,"OnJsonApiEvent",{"data":{"availability":"chat","discordId":null,"discordInfo":null,"discordOnlineStatus":null,"displayGroupId":0,"displayGroupName":"**Default","gameName":"KleinerCTutW","gameTag":
[bridge] websocket <= [8,"OnJsonApiEvent",{"data":{"gameName":"KleinerCTutW","puuid":"1955e54a-0423-5af5-992e-6bf629a4146f","summonerId":96236900,"tagLine":"420"},"eventType":"Create","uri":"/lol-game-client-chat/v2/buddie
[bridge] websocket <= [8,"OnJsonApiEvent",{"data":{"accountId":231584169,"availability":"chat","discordId":null,"discordOnlineStatus":null,"gameName":"KleinerCTutW","gameTag":"420","icon":979,"id":"1955e54a-0423-5af5-992e-
[bridge] websocket <= [8,"OnJsonApiEvent",{"data":{"md5":"5F399D1770D503727C0F0EF543D9EAC4"},"eventType":"Create","uri":"/lol-regalia/v2/summoners/96236900/regalia/async"}]
[bridge] websocket <= [8,"OnJsonApiEvent",{"data":{"action":"CheckingForUpdates","components":[{"action":"CheckingForUpdates","id":"lol_game_client_sln","isCorrupted":false,"isUpToDate":true,"isUpdateAvailable":false,"prog
[bridge] websocket <= [8,"OnJsonApiEvent",{"data":{"action":"CheckingForUpdates","components":[{"action":"CheckingForUpdates","id":"lol_game_client_sln","isCorrupted":false,"isUpToDate":true,"isUpdateAvailable":false,"prog
[bridge] websocket <= [8,"OnJsonApiEvent",{"data":{"action":"Idle","components":[{"action":"Idle","id":"lol_game_client_sln","isCorrupted":false,"isUpToDate":true,"isUpdateAvailable":false,"progress":null,"timeOfLastUpToDa
[bridge] websocket <= [8,"OnJsonApiEvent",{"data":{"action":"Idle","components":[{"action":"Idle","id":"lol_game_client_sln","isCorrupted":false,"isUpToDate":true,"isUpdateAvailable":false,"progress":null,"timeOfLastUpToDa
[bridge] websocket <= [8,"OnJsonApiEvent",{"data":{"gameName":"KleinerCTutW","puuid":"1955e54a-0423-5af5-992e-6bf629a4146f","summonerId":96236900,"tagLine":"420"},"eventType":"Create","uri":"/lol-game-client-chat/v2/buddie
[bridge] websocket <= [8,"OnJsonApiEvent",{"data":{"availability":"chat","discordId":null,"discordInfo":null,"discordOnlineStatus":null,"displayGroupId":0,"displayGroupName":"**Default","gameName":"KleinerCTutW","gameTag":
[bridge] websocket <= [8,"OnJsonApiEvent",{"data":{"md5":"9A16A470D0A5492E7790A22EBED44500"},"eventType":"Update","uri":"/lol-regalia/v2/summoners/96236900/regalia/async"}]
[bridge] websocket <= [8,"OnJsonApiEvent",{"data":{"accountId":231584169,"availability":"chat","discordId":null,"discordOnlineStatus":null,"gameName":"KleinerCTutW","gameTag":"420","icon":979,"id":"1955e54a-0423-5af5-992e-
[bridge] websocket <= [8,"OnJsonApiEvent",{"data":{"availability":"chat","discordId":null,"discordInfo":null,"discordOnlineStatus":null,"displayGroupId":0,"displayGroupName":"**Default","gameName":"KleinerCTutW","gameTag":
[bridge] websocket <= [8,"OnJsonApiEvent",{"data":{"gameName":"KleinerCTutW","puuid":"1955e54a-0423-5af5-992e-6bf629a4146f","summonerId":96236900,"tagLine":"420"},"eventType":"Create","uri":"/lol-game-client-chat/v2/buddie
[bridge] websocket <= [8,"OnJsonApiEvent",{"data":{"accountId":231584169,"availability":"chat","discordId":null,"discordOnlineStatus":null,"gameName":"KleinerCTutW","gameTag":"420","icon":979,"id":"1955e54a-0423-5af5-992e-
[bridge] websocket <= [8,"OnJsonApiEvent",{"data":{"gameName":"KleinerCTutW","puuid":"1955e54a-0423-5af5-992e-6bf629a4146f","summonerId":96236900,"tagLine":"420"},"eventType":"Create","uri":"/lol-game-client-chat/v2/buddie
[bridge] websocket <= [8,"OnJsonApiEvent",{"data":{"availability":"chat","discordId":null,"discordInfo":null,"discordOnlineStatus":null,"displayGroupId":0,"displayGroupName":"**Default","gameName":"KleinerCTutW","gameTag":
[bridge] websocket <= [8,"OnJsonApiEvent",{"data":{"accountId":231584169,"availability":"chat","discordId":null,"discordOnlineStatus":null,"gameName":"KleinerCTutW","gameTag":"420","icon":979,"id":"1955e54a-0423-5af5-992e-
[bridge] websocket <= [8,"OnJsonApiEvent",{"data":"eyJraWQiOiJzMSIsImFsZyI6IlJTMjU2In0.eyJzY3AiOiJMT0wiLCJzdWIiOiJiMmNkNDZlZC04N2E4LTVhZWItYTA5Mi04OTQyMTU0NTEwMWQiLCJwcm9kdWN0IjoiTE9MIiwibGlkIjoiV3FTM2ZTMWtaMHc4R0h4LS1lNWl
[bridge] websocket <= [8,"OnJsonApiEvent",{"data":{"gameName":"KleinerCTutW","puuid":"1955e54a-0423-5af5-992e-6bf629a4146f","summonerId":96236900,"tagLine":"420"},"eventType":"Create","uri":"/lol-game-client-chat/v2/buddie
[bridge] websocket <= [8,"OnJsonApiEvent",{"data":{"availability":"dnd","discordId":null,"discordInfo":null,"discordOnlineStatus":null,"displayGroupId":0,"displayGroupName":"**Default","gameName":"KleinerCTutW","gameTag":"
[bridge] websocket <= [8,"OnJsonApiEvent",{"data":{"numFriends":110,"numFriendsAvailable":1,"numFriendsAway":2,"numFriendsInChampSelect":0,"numFriendsInGame":3,"numFriendsInQueue":2,"numFriendsMobile":4,"numFriendsOnline":
[bridge] websocket <= [8,"OnJsonApiEvent",{"data":{"accountId":231584169,"availability":"dnd","discordId":null,"discordOnlineStatus":null,"gameName":"KleinerCTutW","gameTag":"420","icon":979,"id":"1955e54a-0423-5af5-992e-6
[bridge] websocket <= [8,"OnJsonApiEvent",{"data":{"availability":"dnd","discordId":null,"discordInfo":null,"discordOnlineStatus":null,"displayGroupId":0,"displayGroupName":"**Default","gameName":"Kaiju626","gameTag":"TURK
[bridge] websocket <= [8,"OnJsonApiEvent",{"data":{"gameName":"Kaiju626","puuid":"516bde7e-9c14-599c-a07c-b59deafb658d","summonerId":57898082,"tagLine":"TURK"},"eventType":"Create","uri":"/lol-game-client-chat/v2/buddies/5
[bridge] websocket <= [8,"OnJsonApiEvent",{"data":{"accountId":209800932,"availability":"dnd","discordId":null,"discordOnlineStatus":null,"gameName":"Kaiju626","gameTag":"TURK","icon":1094,"id":"516bde7e-9c14-599c-a07c-b59
[bridge] websocket <= [8,"OnJsonApiEvent",{"data":{"gameName":"KleinerCTutW","puuid":"1955e54a-0423-5af5-992e-6bf629a4146f","summonerId":96236900,"tagLine":"420"},"eventType":"Create","uri":"/lol-game-client-chat/v2/buddie
[bridge] websocket <= [8,"OnJsonApiEvent",{"data":{"availability":"dnd","discordId":null,"discordInfo":null,"discordOnlineStatus":null,"displayGroupId":0,"displayGroupName":"**Default","gameName":"KleinerCTutW","gameTag":"
[bridge] websocket <= [8,"OnJsonApiEvent",{"data":{"numFriends":110,"numFriendsAvailable":1,"numFriendsAway":2,"numFriendsInChampSelect":1,"numFriendsInGame":3,"numFriendsInQueue":1,"numFriendsMobile":4,"numFriendsOnline":
[bridge] websocket <= [8,"OnJsonApiEvent",{"data":{"accountId":231584169,"availability":"dnd","discordId":null,"discordOnlineStatus":null,"gameName":"KleinerCTutW","gameTag":"420","icon":979,"id":"1955e54a-0423-5af5-992e-6
[bridge] websocket <= [8,"OnJsonApiEvent",{"data":{"gameName":"KleinerCTutW","puuid":"1955e54a-0423-5af5-992e-6bf629a4146f","summonerId":96236900,"tagLine":"420"},"eventType":"Create","uri":"/lol-game-client-chat/v2/buddie
[bridge] websocket <= [8,"OnJsonApiEvent",{"data":{"availability":"dnd","discordId":null,"discordInfo":null,"discordOnlineStatus":null,"displayGroupId":0,"displayGroupName":"**Default","gameName":"KleinerCTutW","gameTag":"
[bridge] websocket <= [8,"OnJsonApiEvent",{"data":{"numFriends":110,"numFriendsAvailable":1,"numFriendsAway":2,"numFriendsInChampSelect":0,"numFriendsInGame":4,"numFriendsInQueue":1,"numFriendsMobile":4,"numFriendsOnline":
[bridge] websocket <= [8,"OnJsonApiEvent",{"data":{"accountId":231584169,"availability":"dnd","discordId":null,"discordOnlineStatus":null,"gameName":"KleinerCTutW","gameTag":"420","icon":979,"id":"1955e54a-0423-5af5-992e-6
[bridge] websocket <= [8,"OnJsonApiEvent",{"data":{"action":"CheckingForUpdates","components":[{"action":"CheckingForUpdates","id":"lol_game_client_sln","isCorrupted":false,"isUpToDate":true,"isUpdateAvailable":false,"prog
[bridge] websocket <= [8,"OnJsonApiEvent",{"data":{"action":"CheckingForUpdates","components":[{"action":"CheckingForUpdates","id":"lol_game_client_sln","isCorrupted":false,"isUpToDate":true,"isUpdateAvailable":false,"prog
[bridge] websocket <= [8,"OnJsonApiEvent",{"data":{"action":"Idle","components":[{"action":"Idle","id":"lol_game_client_sln","isCorrupted":false,"isUpToDate":true,"isUpdateAvailable":false,"progress":null,"timeOfLastUpToDa
[bridge] websocket <= [8,"OnJsonApiEvent",{"data":{"action":"Idle","components":[{"action":"Idle","id":"lol_game_client_sln","isCorrupted":false,"isUpToDate":true,"isUpdateAvailable":false,"progress":null,"timeOfLastUpToDa
[bridge] websocket <= [8,"OnJsonApiEvent",{"data":{"action":"CheckingForUpdates","components":[{"action":"CheckingForUpdates","id":"lol_game_client_sln","isCorrupted":false,"isUpToDate":true,"isUpdateAvailable":false,"prog
[bridge] websocket <= [8,"OnJsonApiEvent",{"data":{"action":"CheckingForUpdates","components":[{"action":"CheckingForUpdates","id":"lol_game_client_sln","isCorrupted":false,"isUpToDate":true,"isUpdateAvailable":false,"prog
[bridge] websocket <= [8,"OnJsonApiEvent",{"data":{"action":"Idle","components":[{"action":"Idle","id":"lol_game_client_sln","isCorrupted":false,"isUpToDate":true,"isUpdateAvailable":false,"progress":null,"timeOfLastUpToDa
[bridge] websocket <= [8,"OnJsonApiEvent",{"data":{"action":"Idle","components":[{"action":"Idle","id":"lol_game_client_sln","isCorrupted":false,"isUpToDate":true,"isUpdateAvailable":false,"progress":null,"timeOfLastUpToDa
[bridge] websocket <= [8,"OnJsonApiEvent",{"data":{"availability":"dnd","discordId":null,"discordInfo":null,"discordOnlineStatus":null,"displayGroupId":0,"displayGroupName":"**Default","gameName":"Kaiju626","gameTag":"TURK
[bridge] websocket <= [8,"OnJsonApiEvent",{"data":{"gameName":"Kaiju626","puuid":"516bde7e-9c14-599c-a07c-b59deafb658d","summonerId":57898082,"tagLine":"TURK"},"eventType":"Create","uri":"/lol-game-client-chat/v2/buddies/5
[bridge] websocket <= [8,"OnJsonApiEvent",{"data":{"accountId":209800932,"availability":"dnd","discordId":null,"discordOnlineStatus":null,"gameName":"Kaiju626","gameTag":"TURK","icon":1094,"id":"516bde7e-9c14-599c-a07c-b59
[bridge] websocket <= [8,"OnJsonApiEvent",{"data":{"gameName":"Nerø","puuid":"4196481b-45a3-5555-a376-bd909154a6d8","summonerId":98639391,"tagLine":"bond"},"eventType":"Create","uri":"/lol-game-client-chat/v2/buddies/98639
[bridge] websocket <= [8,"OnJsonApiEvent",{"data":{"availability":"chat","discordId":null,"discordInfo":null,"discordOnlineStatus":null,"displayGroupId":0,"displayGroupName":"**Default","gameName":"Nerø","gameTag":"bond","
[bridge] websocket <= [8,"OnJsonApiEvent",{"data":{"numFriends":110,"numFriendsAvailable":2,"numFriendsAway":1,"numFriendsInChampSelect":0,"numFriendsInGame":4,"numFriendsInQueue":1,"numFriendsMobile":4,"numFriendsOnline":
[bridge] websocket <= [8,"OnJsonApiEvent",{"data":{"accountId":232471556,"availability":"chat","discordId":null,"discordOnlineStatus":null,"gameName":"Nerø","gameTag":"bond","icon":5919,"id":"4196481b-45a3-5555-a376-bd9091
[bridge] websocket <= [8,"OnJsonApiEvent",{"data":{"action":"CheckingForUpdates","components":[{"action":"CheckingForUpdates","id":"lol_game_client_sln","isCorrupted":false,"isUpToDate":true,"isUpdateAvailable":false,"prog
[bridge] websocket <= [8,"OnJsonApiEvent",{"data":{"action":"CheckingForUpdates","components":[{"action":"CheckingForUpdates","id":"lol_game_client_sln","isCorrupted":false,"isUpToDate":true,"isUpdateAvailable":false,"prog
[bridge] websocket <= [8,"OnJsonApiEvent",{"data":{"action":"Idle","components":[{"action":"Idle","id":"lol_game_client_sln","isCorrupted":false,"isUpToDate":true,"isUpdateAvailable":false,"progress":null,"timeOfLastUpToDa
[bridge] websocket <= [8,"OnJsonApiEvent",{"data":{"action":"Idle","components":[{"action":"Idle","id":"lol_game_client_sln","isCorrupted":false,"isUpToDate":true,"isUpdateAvailable":false,"progress":null,"timeOfLastUpToDa
[bridge] websocket <= [8,"OnJsonApiEvent",{"data":{"gameName":"painter is right","puuid":"fe9536be-53fd-54b8-8a82-3314c7ae73c2","summonerId":129358504,"tagLine":"112"},"eventType":"Create","uri":"/lol-game-client-chat/v2/b
[bridge] websocket <= [8,"OnJsonApiEvent",{"data":{"availability":"dnd","discordId":null,"discordInfo":null,"discordOnlineStatus":null,"displayGroupId":0,"displayGroupName":"**Default","gameName":"painter is right","gameTa
[bridge] websocket <= [8,"OnJsonApiEvent",{"data":{"md5":"5423D1BDFE0283D4931FC30D1AA6A4BA"},"eventType":"Create","uri":"/lol-regalia/v2/summoners/129358504/regalia/async"}]
[bridge] websocket <= [8,"OnJsonApiEvent",{"data":{"accountId":2240074356781440,"availability":"dnd","discordId":null,"discordOnlineStatus":null,"gameName":"painter is right","gameTag":"112","icon":6923,"id":"fe9536be-53fd
[bridge] websocket <= [8,"OnJsonApiEvent",{"data":{"numFriends":110,"numFriendsAvailable":2,"numFriendsAway":1,"numFriendsInChampSelect":1,"numFriendsInGame":4,"numFriendsInQueue":0,"numFriendsMobile":4,"numFriendsOnline":
[bridge] websocket <= [8,"OnJsonApiEvent",{"data":{"gameName":"Nerø","puuid":"4196481b-45a3-5555-a376-bd909154a6d8","summonerId":98639391,"tagLine":"bond"},"eventType":"Create","uri":"/lol-game-client-chat/v2/buddies/98639
[bridge] websocket <= [8,"OnJsonApiEvent",{"data":{"availability":"dnd","discordId":null,"discordInfo":null,"discordOnlineStatus":null,"displayGroupId":0,"displayGroupName":"**Default","gameName":"Nerø","gameTag":"bond","g
[bridge] websocket <= [8,"OnJsonApiEvent",{"data":{"numFriends":110,"numFriendsAvailable":1,"numFriendsAway":1,"numFriendsInChampSelect":1,"numFriendsInGame":4,"numFriendsInQueue":1,"numFriendsMobile":4,"numFriendsOnline":
[bridge] websocket <= [8,"OnJsonApiEvent",{"data":{"accountId":232471556,"availability":"dnd","discordId":null,"discordOnlineStatus":null,"gameName":"Nerø","gameTag":"bond","icon":5919,"id":"4196481b-45a3-5555-a376-bd90915
[bridge] websocket <= [8,"OnJsonApiEvent",{"data":{"gameName":"Nerø","puuid":"4196481b-45a3-5555-a376-bd909154a6d8","summonerId":98639391,"tagLine":"bond"},"eventType":"Create","uri":"/lol-game-client-chat/v2/buddies/98639
[bridge] websocket <= [8,"OnJsonApiEvent",{"data":{"availability":"dnd","discordId":null,"discordInfo":null,"discordOnlineStatus":null,"displayGroupId":0,"displayGroupName":"**Default","gameName":"Nerø","gameTag":"bond","g
[bridge] websocket <= [8,"OnJsonApiEvent",{"data":{"accountId":232471556,"availability":"dnd","discordId":null,"discordOnlineStatus":null,"gameName":"Nerø","gameTag":"bond","icon":5919,"id":"4196481b-45a3-5555-a376-bd90915
[bridge] websocket <= [8,"OnJsonApiEvent",{"data":{"gameName":"Kaiju626","puuid":"516bde7e-9c14-599c-a07c-b59deafb658d","summonerId":57898082,"tagLine":"TURK"},"eventType":"Create","uri":"/lol-game-client-chat/v2/buddies/5
[bridge] websocket <= [8,"OnJsonApiEvent",{"data":{"availability":"dnd","discordId":null,"discordInfo":null,"discordOnlineStatus":null,"displayGroupId":0,"displayGroupName":"**Default","gameName":"Kaiju626","gameTag":"TURK
[bridge] websocket <= [8,"OnJsonApiEvent",{"data":{"accountId":209800932,"availability":"dnd","discordId":null,"discordOnlineStatus":null,"gameName":"Kaiju626","gameTag":"TURK","icon":1094,"id":"516bde7e-9c14-599c-a07c-b59
[bridge] websocket <= [8,"OnJsonApiEvent",{"data":{"action":"CheckingForUpdates","components":[{"action":"CheckingForUpdates","id":"lol_game_client_sln","isCorrupted":false,"isUpToDate":true,"isUpdateAvailable":false,"prog
[bridge] websocket <= [8,"OnJsonApiEvent",{"data":{"action":"CheckingForUpdates","components":[{"action":"CheckingForUpdates","id":"lol_game_client_sln","isCorrupted":false,"isUpToDate":true,"isUpdateAvailable":false,"prog
[bridge] websocket <= [8,"OnJsonApiEvent",{"data":{"action":"Idle","components":[{"action":"Idle","id":"lol_game_client_sln","isCorrupted":false,"isUpToDate":true,"isUpdateAvailable":false,"progress":null,"timeOfLastUpToDa
[bridge] websocket <= [8,"OnJsonApiEvent",{"data":{"action":"Idle","components":[{"action":"Idle","id":"lol_game_client_sln","isCorrupted":false,"isUpToDate":true,"isUpdateAvailable":false,"progress":null,"timeOfLastUpToDa
[bridge] websocket <= [8,"OnJsonApiEvent",{"data":{"gameName":"Nerø","puuid":"4196481b-45a3-5555-a376-bd909154a6d8","summonerId":98639391,"tagLine":"bond"},"eventType":"Create","uri":"/lol-game-client-chat/v2/buddies/98639
[bridge] websocket <= [8,"OnJsonApiEvent",{"data":{"availability":"dnd","discordId":null,"discordInfo":null,"discordOnlineStatus":null,"displayGroupId":0,"displayGroupName":"**Default","gameName":"Nerø","gameTag":"bond","g
[bridge] websocket <= [8,"OnJsonApiEvent",{"data":{"accountId":232471556,"availability":"dnd","discordId":null,"discordOnlineStatus":null,"gameName":"Nerø","gameTag":"bond","icon":5919,"id":"4196481b-45a3-5555-a376-bd90915
[bridge] websocket <= [8,"OnJsonApiEvent",{"data":{"numFriends":110,"numFriendsAvailable":1,"numFriendsAway":1,"numFriendsInChampSelect":2,"numFriendsInGame":4,"numFriendsInQueue":0,"numFriendsMobile":4,"numFriendsOnline":
[bridge] websocket <= [8,"OnJsonApiEvent",{"data":"eyJraWQiOiJzMSIsImFsZyI6IlJTMjU2In0.eyJzY3AiOiJMT0wiLCJzdWIiOiJiMmNkNDZlZC04N2E4LTVhZWItYTA5Mi04OTQyMTU0NTEwMWQiLCJwcm9kdWN0IjoiTE9MIiwibGlkIjoiV3FTM2ZTMWtaMHc4R0h4LS1lNWl
[bridge] websocket <= [8,"OnJsonApiEvent",{"data":{"action":"CheckingForUpdates","components":[{"action":"CheckingForUpdates","id":"lol_game_client_sln","isCorrupted":false,"isUpToDate":true,"isUpdateAvailable":false,"prog
[bridge] websocket <= [8,"OnJsonApiEvent",{"data":{"action":"CheckingForUpdates","components":[{"action":"CheckingForUpdates","id":"lol_game_client_sln","isCorrupted":false,"isUpToDate":true,"isUpdateAvailable":false,"prog
[bridge] websocket <= [8,"OnJsonApiEvent",{"data":{"action":"Idle","components":[{"action":"Idle","id":"lol_game_client_sln","isCorrupted":false,"isUpToDate":true,"isUpdateAvailable":false,"progress":null,"timeOfLastUpToDa
[bridge] websocket <= [8,"OnJsonApiEvent",{"data":{"action":"Idle","components":[{"action":"Idle","id":"lol_game_client_sln","isCorrupted":false,"isUpToDate":true,"isUpdateAvailable":false,"progress":null,"timeOfLastUpToDa
[bridge] websocket <= [8,"OnJsonApiEvent",{"data":{"availability":"dnd","discordId":null,"discordInfo":null,"discordOnlineStatus":null,"displayGroupId":0,"displayGroupName":"**Default","gameName":"Kaiju626","gameTag":"TURK
[bridge] websocket <= [8,"OnJsonApiEvent",{"data":{"gameName":"Kaiju626","puuid":"516bde7e-9c14-599c-a07c-b59deafb658d","summonerId":57898082,"tagLine":"TURK"},"eventType":"Create","uri":"/lol-game-client-chat/v2/buddies/5
[bridge] websocket <= [8,"OnJsonApiEvent",{"data":{"accountId":209800932,"availability":"dnd","discordId":null,"discordOnlineStatus":null,"gameName":"Kaiju626","gameTag":"TURK","icon":1094,"id":"516bde7e-9c14-599c-a07c-b59
[bridge] websocket <= [8,"OnJsonApiEvent",{"data":{"gameName":"MID PROTAGONIST","puuid":"921b7b95-c2da-550e-a8ce-22fb4c07c7fd","summonerId":57803255,"tagLine":"Super"},"eventType":"Create","uri":"/lol-game-client-chat/v2/b
[bridge] websocket <= [8,"OnJsonApiEvent",{"data":{"availability":"dnd","discordId":null,"discordInfo":null,"discordOnlineStatus":null,"displayGroupId":0,"displayGroupName":"**Default","gameName":"MID PROTAGONIST","gameTag
[bridge] websocket <= [8,"OnJsonApiEvent",{"data":{"md5":"291B14FBFA0CCC2817D3824C1B2D4F11"},"eventType":"Create","uri":"/lol-regalia/v2/summoners/57803255/regalia/async"}]
[bridge] websocket <= [8,"OnJsonApiEvent",{"data":{"accountId":210084384,"availability":"dnd","discordId":null,"discordOnlineStatus":null,"gameName":"MID PROTAGONIST","gameTag":"Super","icon":5917,"id":"921b7b95-c2da-550e-
[bridge] websocket <= [8,"OnJsonApiEvent",{"data":{"gameName":"MID PROTAGONIST","puuid":"921b7b95-c2da-550e-a8ce-22fb4c07c7fd","summonerId":57803255,"tagLine":"Super"},"eventType":"Create","uri":"/lol-game-client-chat/v2/b
[bridge] websocket <= [8,"OnJsonApiEvent",{"data":{"availability":"offline","discordId":null,"discordInfo":null,"discordOnlineStatus":null,"displayGroupId":0,"displayGroupName":"**Default","gameName":"MID PROTAGONIST","gam
[bridge] websocket <= [8,"OnJsonApiEvent",{"data":{"accountId":210084384,"availability":"offline","discordId":null,"discordOnlineStatus":null,"gameName":"MID PROTAGONIST","gameTag":"Super","icon":5917,"id":"921b7b95-c2da-5
[bridge] websocket <= [8,"OnJsonApiEvent",{"data":{"numFriends":110,"numFriendsAvailable":1,"numFriendsAway":1,"numFriendsInChampSelect":2,"numFriendsInGame":3,"numFriendsInQueue":0,"numFriendsMobile":4,"numFriendsOnline":
[bridge] websocket <= [8,"OnJsonApiEvent",{"data":{"availability":"dnd","discordId":null,"discordInfo":null,"discordOnlineStatus":null,"displayGroupId":0,"displayGroupName":"**Default","gameName":"Kaiju626","gameTag":"TURK
[bridge] websocket <= [8,"OnJsonApiEvent",{"data":{"gameName":"Kaiju626","puuid":"516bde7e-9c14-599c-a07c-b59deafb658d","summonerId":57898082,"tagLine":"TURK"},"eventType":"Create","uri":"/lol-game-client-chat/v2/buddies/5
[bridge] websocket <= [8,"OnJsonApiEvent",{"data":{"accountId":209800932,"availability":"dnd","discordId":null,"discordOnlineStatus":null,"gameName":"Kaiju626","gameTag":"TURK","icon":1094,"id":"516bde7e-9c14-599c-a07c-b59
[bridge] websocket <= [8,"OnJsonApiEvent",{"data":{"action":"CheckingForUpdates","components":[{"action":"CheckingForUpdates","id":"lol_game_client_sln","isCorrupted":false,"isUpToDate":true,"isUpdateAvailable":false,"prog
[bridge] websocket <= [8,"OnJsonApiEvent",{"data":{"action":"CheckingForUpdates","components":[{"action":"CheckingForUpdates","id":"lol_game_client_sln","isCorrupted":false,"isUpToDate":true,"isUpdateAvailable":false,"prog
[bridge] websocket <= [8,"OnJsonApiEvent",{"data":{"action":"Idle","components":[{"action":"Idle","id":"lol_game_client_sln","isCorrupted":false,"isUpToDate":true,"isUpdateAvailable":false,"progress":null,"timeOfLastUpToDa
[bridge] websocket <= [8,"OnJsonApiEvent",{"data":{"action":"Idle","components":[{"action":"Idle","id":"lol_game_client_sln","isCorrupted":false,"isUpToDate":true,"isUpdateAvailable":false,"progress":null,"timeOfLastUpToDa
[bridge] websocket <= [8,"OnJsonApiEvent",{"data":{"availability":"dnd","discordId":null,"discordInfo":null,"discordOnlineStatus":null,"displayGroupId":0,"displayGroupName":"**Default","gameName":"Kaiju626","gameTag":"TURK
[bridge] websocket <= [8,"OnJsonApiEvent",{"data":{"gameName":"Kaiju626","puuid":"516bde7e-9c14-599c-a07c-b59deafb658d","summonerId":57898082,"tagLine":"TURK"},"eventType":"Create","uri":"/lol-game-client-chat/v2/buddies/5
[bridge] websocket <= [8,"OnJsonApiEvent",{"data":{"accountId":209800932,"availability":"dnd","discordId":null,"discordOnlineStatus":null,"gameName":"Kaiju626","gameTag":"TURK","icon":1094,"id":"516bde7e-9c14-599c-a07c-b59
[bridge] websocket <= [8,"OnJsonApiEvent",{"data":{"availability":"chat","discordId":null,"discordInfo":null,"discordOnlineStatus":null,"displayGroupId":0,"displayGroupName":"**Default","gameName":"Kaiju626","gameTag":"TUR
[bridge] websocket <= [8,"OnJsonApiEvent",{"data":{"gameName":"Kaiju626","puuid":"516bde7e-9c14-599c-a07c-b59deafb658d","summonerId":57898082,"tagLine":"TURK"},"eventType":"Create","uri":"/lol-game-client-chat/v2/buddies/5
[bridge] websocket <= [8,"OnJsonApiEvent",{"data":{"numFriends":110,"numFriendsAvailable":2,"numFriendsAway":1,"numFriendsInChampSelect":2,"numFriendsInGame":3,"numFriendsInQueue":0,"numFriendsMobile":4,"numFriendsOnline":
[bridge] websocket <= [8,"OnJsonApiEvent",{"data":{"accountId":209800932,"availability":"chat","discordId":null,"discordOnlineStatus":null,"gameName":"Kaiju626","gameTag":"TURK","icon":1094,"id":"516bde7e-9c14-599c-a07c-b5
[bridge] websocket <= [8,"OnJsonApiEvent",{"data":{"availability":"chat","discordId":null,"discordInfo":null,"discordOnlineStatus":null,"displayGroupId":0,"displayGroupName":"**Default","gameName":"Kaiju626","gameTag":"TUR
[bridge] websocket <= [8,"OnJsonApiEvent",{"data":{"gameName":"Kaiju626","puuid":"516bde7e-9c14-599c-a07c-b59deafb658d","summonerId":57898082,"tagLine":"TURK"},"eventType":"Create","uri":"/lol-game-client-chat/v2/buddies/5
[bridge] websocket <= [8,"OnJsonApiEvent",{"data":{"accountId":209800932,"availability":"chat","discordId":null,"discordOnlineStatus":null,"gameName":"Kaiju626","gameTag":"TURK","icon":1094,"id":"516bde7e-9c14-599c-a07c-b5
[bridge] websocket <= [8,"OnJsonApiEvent",{"data":{"gameName":"Kaiju626","puuid":"516bde7e-9c14-599c-a07c-b59deafb658d","summonerId":57898082,"tagLine":"TURK"},"eventType":"Create","uri":"/lol-game-client-chat/v2/buddies/5
[bridge] websocket <= [8,"OnJsonApiEvent",{"data":{"availability":"chat","discordId":null,"discordInfo":null,"discordOnlineStatus":null,"displayGroupId":0,"displayGroupName":"**Default","gameName":"Kaiju626","gameTag":"TUR
[bridge] websocket <= [8,"OnJsonApiEvent",{"data":{"accountId":209800932,"availability":"chat","discordId":null,"discordOnlineStatus":null,"gameName":"Kaiju626","gameTag":"TURK","icon":1094,"id":"516bde7e-9c14-599c-a07c-b5
[bridge] websocket <= [8,"OnJsonApiEvent",{"data":{"availability":"chat","discordId":null,"discordInfo":null,"discordOnlineStatus":null,"displayGroupId":0,"displayGroupName":"**Default","gameName":"Kaiju626","gameTag":"TUR
[bridge] websocket <= [8,"OnJsonApiEvent",{"data":{"gameName":"Kaiju626","puuid":"516bde7e-9c14-599c-a07c-b59deafb658d","summonerId":57898082,"tagLine":"TURK"},"eventType":"Create","uri":"/lol-game-client-chat/v2/buddies/5
[bridge] websocket <= [8,"OnJsonApiEvent",{"data":{"accountId":209800932,"availability":"chat","discordId":null,"discordOnlineStatus":null,"gameName":"Kaiju626","gameTag":"TURK","icon":1094,"id":"516bde7e-9c14-599c-a07c-b5
[bridge] websocket <= [8,"OnJsonApiEvent",{"data":{"availability":"chat","discordId":null,"discordInfo":null,"discordOnlineStatus":null,"displayGroupId":0,"displayGroupName":"**Default","gameName":"Kaiju626","gameTag":"TUR
[bridge] websocket <= [8,"OnJsonApiEvent",{"data":{"gameName":"Kaiju626","puuid":"516bde7e-9c14-599c-a07c-b59deafb658d","summonerId":57898082,"tagLine":"TURK"},"eventType":"Create","uri":"/lol-game-client-chat/v2/buddies/5
[bridge] websocket <= [8,"OnJsonApiEvent",{"data":{"accountId":209800932,"availability":"chat","discordId":null,"discordOnlineStatus":null,"gameName":"Kaiju626","gameTag":"TURK","icon":1094,"id":"516bde7e-9c14-599c-a07c-b5
[bridge] websocket <= [8,"OnJsonApiEvent",{"data":{"availability":"chat","discordId":null,"discordInfo":null,"discordOnlineStatus":null,"displayGroupId":0,"displayGroupName":"**Default","gameName":"Kaiju626","gameTag":"TUR
[bridge] websocket <= [8,"OnJsonApiEvent",{"data":{"gameName":"Kaiju626","puuid":"516bde7e-9c14-599c-a07c-b59deafb658d","summonerId":57898082,"tagLine":"TURK"},"eventType":"Create","uri":"/lol-game-client-chat/v2/buddies/5
[bridge] websocket <= [8,"OnJsonApiEvent",{"data":{"accountId":209800932,"availability":"chat","discordId":null,"discordOnlineStatus":null,"gameName":"Kaiju626","gameTag":"TURK","icon":1094,"id":"516bde7e-9c14-599c-a07c-b5
[bridge] websocket <= [8,"OnJsonApiEvent",{"data":{"gameName":"painter is right","puuid":"fe9536be-53fd-54b8-8a82-3314c7ae73c2","summonerId":129358504,"tagLine":"112"},"eventType":"Create","uri":"/lol-game-client-chat/v2/b
[bridge] websocket <= [8,"OnJsonApiEvent",{"data":{"availability":"dnd","discordId":null,"discordInfo":null,"discordOnlineStatus":null,"displayGroupId":0,"displayGroupName":"**Default","gameName":"painter is right","gameTa
[bridge] websocket <= [8,"OnJsonApiEvent",{"data":{"numFriends":110,"numFriendsAvailable":2,"numFriendsAway":1,"numFriendsInChampSelect":1,"numFriendsInGame":4,"numFriendsInQueue":0,"numFriendsMobile":4,"numFriendsOnline":
[bridge] websocket <= [8,"OnJsonApiEvent",{"data":{"accountId":2240074356781440,"availability":"dnd","discordId":null,"discordOnlineStatus":null,"gameName":"painter is right","gameTag":"112","icon":6923,"id":"fe9536be-53fd
[bridge] websocket <= [8,"OnJsonApiEvent",{"data":{"action":"CheckingForUpdates","components":[{"action":"CheckingForUpdates","id":"lol_game_client_sln","isCorrupted":false,"isUpToDate":true,"isUpdateAvailable":false,"prog
[bridge] websocket <= [8,"OnJsonApiEvent",{"data":{"action":"CheckingForUpdates","components":[{"action":"CheckingForUpdates","id":"lol_game_client_sln","isCorrupted":false,"isUpToDate":true,"isUpdateAvailable":false,"prog
[bridge] websocket <= [8,"OnJsonApiEvent",{"data":{"action":"Idle","components":[{"action":"Idle","id":"lol_game_client_sln","isCorrupted":false,"isUpToDate":true,"isUpdateAvailable":false,"progress":null,"timeOfLastUpToDa
[bridge] websocket <= [8,"OnJsonApiEvent",{"data":{"action":"Idle","components":[{"action":"Idle","id":"lol_game_client_sln","isCorrupted":false,"isUpToDate":true,"isUpdateAvailable":false,"progress":null,"timeOfLastUpToDa
[bridge] websocket <= [8,"OnJsonApiEvent",{"data":{"gameName":"Nerø","puuid":"4196481b-45a3-5555-a376-bd909154a6d8","summonerId":98639391,"tagLine":"bond"},"eventType":"Create","uri":"/lol-game-client-chat/v2/buddies/98639
[bridge] websocket <= [8,"OnJsonApiEvent",{"data":{"availability":"dnd","discordId":null,"discordInfo":null,"discordOnlineStatus":null,"displayGroupId":0,"displayGroupName":"**Default","gameName":"Nerø","gameTag":"bond","g
[bridge] websocket <= [8,"OnJsonApiEvent",{"data":{"numFriends":110,"numFriendsAvailable":2,"numFriendsAway":1,"numFriendsInChampSelect":0,"numFriendsInGame":5,"numFriendsInQueue":0,"numFriendsMobile":4,"numFriendsOnline":
[bridge] websocket <= [8,"OnJsonApiEvent",{"data":{"accountId":232471556,"availability":"dnd","discordId":null,"discordOnlineStatus":null,"gameName":"Nerø","gameTag":"bond","icon":5919,"id":"4196481b-45a3-5555-a376-bd90915
[bridge] websocket <= [8,"OnJsonApiEvent",{"data":{"gameName":"Kaiju626","puuid":"516bde7e-9c14-599c-a07c-b59deafb658d","summonerId":57898082,"tagLine":"TURK"},"eventType":"Create","uri":"/lol-game-client-chat/v2/buddies/5
[bridge] websocket <= [8,"OnJsonApiEvent",{"data":{"availability":"chat","discordId":null,"discordInfo":null,"discordOnlineStatus":null,"displayGroupId":0,"displayGroupName":"**Default","gameName":"Kaiju626","gameTag":"TUR
[bridge] websocket <= [8,"OnJsonApiEvent",{"data":{"accountId":209800932,"availability":"chat","discordId":null,"discordOnlineStatus":null,"gameName":"Kaiju626","gameTag":"TURK","icon":1094,"id":"516bde7e-9c14-599c-a07c-b5
[bridge] websocket <= [8,"OnJsonApiEvent",{"data":{"action":"CheckingForUpdates","components":[{"action":"CheckingForUpdates","id":"lol_game_client_sln","isCorrupted":false,"isUpToDate":true,"isUpdateAvailable":false,"prog
[bridge] websocket <= [8,"OnJsonApiEvent",{"data":{"action":"CheckingForUpdates","components":[{"action":"CheckingForUpdates","id":"lol_game_client_sln","isCorrupted":false,"isUpToDate":true,"isUpdateAvailable":false,"prog
[bridge] websocket <= [8,"OnJsonApiEvent",{"data":{"action":"Idle","components":[{"action":"Idle","id":"lol_game_client_sln","isCorrupted":false,"isUpToDate":true,"isUpdateAvailable":false,"progress":null,"timeOfLastUpToDa
[bridge] websocket <= [8,"OnJsonApiEvent",{"data":{"action":"Idle","components":[{"action":"Idle","id":"lol_game_client_sln","isCorrupted":false,"isUpToDate":true,"isUpdateAvailable":false,"progress":null,"timeOfLastUpToDa
[bridge] websocket <= [8,"OnJsonApiEvent",{"data":{"availability":"chat","discordId":null,"discordInfo":null,"discordOnlineStatus":null,"displayGroupId":0,"displayGroupName":"**Default","gameName":"Kaiju626","gameTag":"TUR
[bridge] websocket <= [8,"OnJsonApiEvent",{"data":{"gameName":"Kaiju626","puuid":"516bde7e-9c14-599c-a07c-b59deafb658d","summonerId":57898082,"tagLine":"TURK"},"eventType":"Create","uri":"/lol-game-client-chat/v2/buddies/5
[bridge] websocket <= [8,"OnJsonApiEvent",{"data":{"accountId":209800932,"availability":"chat","discordId":null,"discordOnlineStatus":null,"gameName":"Kaiju626","gameTag":"TURK","icon":1094,"id":"516bde7e-9c14-599c-a07c-b5
[bridge] websocket <= [8,"OnJsonApiEvent",{"data":{"availability":"chat","discordId":null,"discordInfo":null,"discordOnlineStatus":null,"displayGroupId":0,"displayGroupName":"**Default","gameName":"Kaiju626","gameTag":"TUR
[bridge] websocket <= [8,"OnJsonApiEvent",{"data":{"gameName":"Kaiju626","puuid":"516bde7e-9c14-599c-a07c-b59deafb658d","summonerId":57898082,"tagLine":"TURK"},"eventType":"Create","uri":"/lol-game-client-chat/v2/buddies/5
[bridge] websocket <= [8,"OnJsonApiEvent",{"data":{"accountId":209800932,"availability":"chat","discordId":null,"discordOnlineStatus":null,"gameName":"Kaiju626","gameTag":"TURK","icon":1094,"id":"516bde7e-9c14-599c-a07c-b5
[bridge] websocket <= [8,"OnJsonApiEvent",{"data":{"availability":"chat","discordId":null,"discordInfo":null,"discordOnlineStatus":null,"displayGroupId":0,"displayGroupName":"**Default","gameName":"Kaiju626","gameTag":"TUR
[bridge] websocket <= [8,"OnJsonApiEvent",{"data":{"gameName":"Kaiju626","puuid":"516bde7e-9c14-599c-a07c-b59deafb658d","summonerId":57898082,"tagLine":"TURK"},"eventType":"Create","uri":"/lol-game-client-chat/v2/buddies/5
[bridge] websocket <= [8,"OnJsonApiEvent",{"data":{"accountId":209800932,"availability":"chat","discordId":null,"discordOnlineStatus":null,"gameName":"Kaiju626","gameTag":"TURK","icon":1094,"id":"516bde7e-9c14-599c-a07c-b5
[bridge] websocket <= [8,"OnJsonApiEvent",{"data":{"gameName":"OZZY","puuid":"45e7e373-a17e-5c1a-a4cd-e30f77bff537","summonerId":89498594,"tagLine":"2001"},"eventType":"Create","uri":"/lol-game-client-chat/v2/buddies/89498
[bridge] websocket <= [8,"OnJsonApiEvent",{"data":{"availability":"chat","discordId":null,"discordInfo":null,"discordOnlineStatus":null,"displayGroupId":0,"displayGroupName":"**Default","gameName":"OZZY","gameTag":"2001","
[bridge] websocket <= [8,"OnJsonApiEvent",{"data":{"numFriends":110,"numFriendsAvailable":3,"numFriendsAway":1,"numFriendsInChampSelect":0,"numFriendsInGame":4,"numFriendsInQueue":0,"numFriendsMobile":4,"numFriendsOnline":
[bridge] websocket <= [8,"OnJsonApiEvent",{"data":{"md5":"D71098A622A51FA35D0080EFABA6C51C"},"eventType":"Create","uri":"/lol-regalia/v2/summoners/89498594/regalia/async"}]
[bridge] websocket <= [8,"OnJsonApiEvent",{"data":{"accountId":228901406,"availability":"chat","discordId":null,"discordOnlineStatus":null,"gameName":"OZZY","gameTag":"2001","icon":5384,"id":"45e7e373-a17e-5c1a-a4cd-e30f77
[bridge] websocket <= [8,"OnJsonApiEvent",{"data":{"gameName":"OZZY","puuid":"45e7e373-a17e-5c1a-a4cd-e30f77bff537","summonerId":89498594,"tagLine":"2001"},"eventType":"Create","uri":"/lol-game-client-chat/v2/buddies/89498
[bridge] websocket <= [8,"OnJsonApiEvent",{"data":{"availability":"chat","discordId":null,"discordInfo":null,"discordOnlineStatus":null,"displayGroupId":0,"displayGroupName":"**Default","gameName":"OZZY","gameTag":"2001","
[bridge] websocket <= [8,"OnJsonApiEvent",{"data":{"accountId":228901406,"availability":"chat","discordId":null,"discordOnlineStatus":null,"gameName":"OZZY","gameTag":"2001","icon":5384,"id":"45e7e373-a17e-5c1a-a4cd-e30f77
[bridge] websocket <= [8,"OnJsonApiEvent",{"data":{"action":"CheckingForUpdates","components":[{"action":"CheckingForUpdates","id":"lol_game_client_sln","isCorrupted":false,"isUpToDate":true,"isUpdateAvailable":false,"prog
[bridge] websocket <= [8,"OnJsonApiEvent",{"data":{"action":"CheckingForUpdates","components":[{"action":"CheckingForUpdates","id":"lol_game_client_sln","isCorrupted":false,"isUpToDate":true,"isUpdateAvailable":false,"prog
[bridge] websocket <= [8,"OnJsonApiEvent",{"data":{"action":"Idle","components":[{"action":"Idle","id":"lol_game_client_sln","isCorrupted":false,"isUpToDate":true,"isUpdateAvailable":false,"progress":null,"timeOfLastUpToDa
[bridge] websocket <= [8,"OnJsonApiEvent",{"data":{"action":"Idle","components":[{"action":"Idle","id":"lol_game_client_sln","isCorrupted":false,"isUpToDate":true,"isUpdateAvailable":false,"progress":null,"timeOfLastUpToDa
[bridge] websocket <= [8,"OnJsonApiEvent",{"data":{"gameName":"OZZY","puuid":"45e7e373-a17e-5c1a-a4cd-e30f77bff537","summonerId":89498594,"tagLine":"2001"},"eventType":"Create","uri":"/lol-game-client-chat/v2/buddies/89498
[bridge] websocket <= [8,"OnJsonApiEvent",{"data":{"availability":"chat","discordId":null,"discordInfo":null,"discordOnlineStatus":null,"displayGroupId":0,"displayGroupName":"**Default","gameName":"OZZY","gameTag":"2001","
[bridge] websocket <= [8,"OnJsonApiEvent",{"data":{"accountId":228901406,"availability":"chat","discordId":null,"discordOnlineStatus":null,"gameName":"OZZY","gameTag":"2001","icon":5384,"id":"45e7e373-a17e-5c1a-a4cd-e30f77
[bridge] websocket <= [8,"OnJsonApiEvent",{"data":{"gameName":"OZZY","puuid":"45e7e373-a17e-5c1a-a4cd-e30f77bff537","summonerId":89498594,"tagLine":"2001"},"eventType":"Create","uri":"/lol-game-client-chat/v2/buddies/89498
[bridge] websocket <= [8,"OnJsonApiEvent",{"data":{"availability":"chat","discordId":null,"discordInfo":null,"discordOnlineStatus":null,"displayGroupId":0,"displayGroupName":"**Default","gameName":"OZZY","gameTag":"2001","
[bridge] websocket <= [8,"OnJsonApiEvent",{"data":{"accountId":228901406,"availability":"chat","discordId":null,"discordOnlineStatus":null,"gameName":"OZZY","gameTag":"2001","icon":5384,"id":"45e7e373-a17e-5c1a-a4cd-e30f77
[bridge] websocket <= [8,"OnJsonApiEvent",{"data":{"availability":"away","gameName":"Elektroney","gameTag":"Eight","icon":6793,"id":"b2cd46ed-87a8-5aeb-a092-89421545101d@eu1.pvp.net","lastSeenOnlineTimestamp":null,"lol":{"
[bridge] websocket <= [8,"OnJsonApiEvent",{"data":{"accountId":2046794905170656,"availability":"away","discordId":null,"discordOnlineStatus":null,"gameName":"Elektroney","gameTag":"Eight","icon":6793,"id":"b2cd46ed-87a8-5a
[bridge] websocket <= [8,"OnJsonApiEvent",{"data":{"availability":"away","gameName":"Elektroney","gameTag":"Eight","icon":6793,"id":"b2cd46ed-87a8-5aeb-a092-89421545101d@eu1.pvp.net","lastSeenOnlineTimestamp":null,"lol":{"
[bridge] websocket <= [8,"OnJsonApiEvent",{"data":{"availability":"away","gameName":"Elektroney","gameTag":"Eight","icon":6793,"id":"b2cd46ed-87a8-5aeb-a092-89421545101d@eu1.pvp.net","lastSeenOnlineTimestamp":null,"lol":{"
[bridge] websocket <= [8,"OnJsonApiEvent",{"data":{"availability":"away","gameName":"Elektroney","gameTag":"Eight","icon":6793,"id":"b2cd46ed-87a8-5aeb-a092-89421545101d@eu1.pvp.net","lastSeenOnlineTimestamp":null,"lol":{"
[bridge] websocket <= [8,"OnJsonApiEvent",{"data":{"autoJoin":false,"autoJoinTeamVoice":false,"currentCaptureDeviceHandle":"Default System Device","inputMode":"voiceActivity","localMicMuted":true,"loopbackEnabled":false,"m
[bridge] websocket <= [8,"OnJsonApiEvent",{"data":{"availability":"away","gameName":"Elektroney","gameTag":"Eight","icon":6793,"id":"b2cd46ed-87a8-5aeb-a092-89421545101d@eu1.pvp.net","lastSeenOnlineTimestamp":null,"lol":{"
[bridge] websocket <= [8,"OnJsonApiEvent",{"data":{"availability":"away","gameName":"Elektroney","gameTag":"Eight","icon":6793,"id":"b2cd46ed-87a8-5aeb-a092-89421545101d@eu1.pvp.net","lastSeenOnlineTimestamp":null,"lol":{"
[bridge] websocket <= [8,"OnJsonApiEvent",{"data":{"availability":"away","gameName":"Elektroney","gameTag":"Eight","icon":6793,"id":"b2cd46ed-87a8-5aeb-a092-89421545101d@eu1.pvp.net","lastSeenOnlineTimestamp":null,"lol":{"
[bridge] websocket <= [8,"OnJsonApiEvent",{"data":{"action":"CheckingForUpdates","components":[{"action":"CheckingForUpdates","id":"lol_game_client_sln","isCorrupted":false,"isUpToDate":true,"isUpdateAvailable":false,"prog
[bridge] websocket <= [8,"OnJsonApiEvent",{"data":{"action":"CheckingForUpdates","components":[{"action":"CheckingForUpdates","id":"lol_game_client_sln","isCorrupted":false,"isUpToDate":true,"isUpdateAvailable":false,"prog
[bridge] websocket <= [8,"OnJsonApiEvent",{"data":{"action":"Idle","components":[{"action":"Idle","id":"lol_game_client_sln","isCorrupted":false,"isUpToDate":true,"isUpdateAvailable":false,"progress":null,"timeOfLastUpToDa
[bridge] websocket <= [8,"OnJsonApiEvent",{"data":{"action":"Idle","components":[{"action":"Idle","id":"lol_game_client_sln","isCorrupted":false,"isUpToDate":true,"isUpdateAvailable":false,"progress":null,"timeOfLastUpToDa
[renderer:1]         rcp-fe-common-libs| [Datadog RUM] No session found; user may not be sampled - session.sample_rate=0.5% (http://127.0.0.1:59661/fe/common-libs/rcp-fe-common-libs.js?t=1779656031494:1)
[bridge] websocket <= [8,"OnJsonApiEvent",{"data":"eyJraWQiOiJzMSIsImFsZyI6IlJTMjU2In0.eyJzY3AiOiJMT0wiLCJzdWIiOiJiMmNkNDZlZC04N2E4LTVhZWItYTA5Mi04OTQyMTU0NTEwMWQiLCJwcm9kdWN0IjoiTE9MIiwibGlkIjoiV3FTM2ZTMWtaMHc4R0h4LS1lNWl
[bridge] websocket <= [8,"OnJsonApiEvent",{"data":{"gameName":"OZZY","puuid":"45e7e373-a17e-5c1a-a4cd-e30f77bff537","summonerId":89498594,"tagLine":"2001"},"eventType":"Create","uri":"/lol-game-client-chat/v2/buddies/89498
[bridge] websocket <= [8,"OnJsonApiEvent",{"data":{"availability":"chat","discordId":null,"discordInfo":null,"discordOnlineStatus":null,"displayGroupId":0,"displayGroupName":"**Default","gameName":"OZZY","gameTag":"2001","
[bridge] websocket <= [8,"OnJsonApiEvent",{"data":{"accountId":228901406,"availability":"chat","discordId":null,"discordOnlineStatus":null,"gameName":"OZZY","gameTag":"2001","icon":5384,"id":"45e7e373-a17e-5c1a-a4cd-e30f77
[bridge] websocket <= [8,"OnJsonApiEvent",{"data":{"gameName":"OZZY","puuid":"45e7e373-a17e-5c1a-a4cd-e30f77bff537","summonerId":89498594,"tagLine":"2001"},"eventType":"Create","uri":"/lol-game-client-chat/v2/buddies/89498
[bridge] websocket <= [8,"OnJsonApiEvent",{"data":{"availability":"chat","discordId":null,"discordInfo":null,"discordOnlineStatus":null,"displayGroupId":0,"displayGroupName":"**Default","gameName":"OZZY","gameTag":"2001","
[bridge] websocket <= [8,"OnJsonApiEvent",{"data":{"accountId":228901406,"availability":"chat","discordId":null,"discordOnlineStatus":null,"gameName":"OZZY","gameTag":"2001","icon":5384,"id":"45e7e373-a17e-5c1a-a4cd-e30f77
[bridge] websocket <= [8,"OnJsonApiEvent",{"data":{"gameName":"OZZY","puuid":"45e7e373-a17e-5c1a-a4cd-e30f77bff537","summonerId":89498594,"tagLine":"2001"},"eventType":"Create","uri":"/lol-game-client-chat/v2/buddies/89498
[bridge] websocket <= [8,"OnJsonApiEvent",{"data":{"availability":"offline","discordId":null,"discordInfo":null,"discordOnlineStatus":null,"displayGroupId":0,"displayGroupName":"**Default","gameName":"OZZY","gameTag":"2001
[bridge] websocket <= [8,"OnJsonApiEvent",{"data":{"numFriends":110,"numFriendsAvailable":2,"numFriendsAway":1,"numFriendsInChampSelect":0,"numFriendsInGame":4,"numFriendsInQueue":0,"numFriendsMobile":4,"numFriendsOnline":
[bridge] websocket <= [8,"OnJsonApiEvent",{"data":{"accountId":228901406,"availability":"offline","discordId":null,"discordOnlineStatus":null,"gameName":"OZZY","gameTag":"2001","icon":5384,"id":"45e7e373-a17e-5c1a-a4cd-e30
[bridge] websocket <= [8,"OnJsonApiEvent",{"data":{"action":"CheckingForUpdates","components":[{"action":"CheckingForUpdates","id":"lol_game_client_sln","isCorrupted":false,"isUpToDate":true,"isUpdateAvailable":false,"prog
[bridge] websocket <= [8,"OnJsonApiEvent",{"data":{"action":"CheckingForUpdates","components":[{"action":"CheckingForUpdates","id":"lol_game_client_sln","isCorrupted":false,"isUpToDate":true,"isUpdateAvailable":false,"prog
[bridge] websocket <= [8,"OnJsonApiEvent",{"data":{"action":"Idle","components":[{"action":"Idle","id":"lol_game_client_sln","isCorrupted":false,"isUpToDate":true,"isUpdateAvailable":false,"progress":null,"timeOfLastUpToDa
[bridge] websocket <= [8,"OnJsonApiEvent",{"data":{"action":"Idle","components":[{"action":"Idle","id":"lol_game_client_sln","isCorrupted":false,"isUpToDate":true,"isUpdateAvailable":false,"progress":null,"timeOfLastUpToDa
[bridge] websocket <= [8,"OnJsonApiEvent",{"data":{"action":"CheckingForUpdates","components":[{"action":"CheckingForUpdates","id":"lol_game_client_sln","isCorrupted":false,"isUpToDate":true,"isUpdateAvailable":false,"prog
[bridge] websocket <= [8,"OnJsonApiEvent",{"data":{"action":"CheckingForUpdates","components":[{"action":"CheckingForUpdates","id":"lol_game_client_sln","isCorrupted":false,"isUpToDate":true,"isUpdateAvailable":false,"prog
[bridge] websocket <= [8,"OnJsonApiEvent",{"data":{"action":"Idle","components":[{"action":"Idle","id":"lol_game_client_sln","isCorrupted":false,"isUpToDate":true,"isUpdateAvailable":false,"progress":null,"timeOfLastUpToDa
[bridge] websocket <= [8,"OnJsonApiEvent",{"data":{"action":"Idle","components":[{"action":"Idle","id":"lol_game_client_sln","isCorrupted":false,"isUpToDate":true,"isUpdateAvailable":false,"progress":null,"timeOfLastUpToDa
[bridge] websocket <= [8,"OnJsonApiEvent",{"data":{"gameName":"Kaiju626","puuid":"516bde7e-9c14-599c-a07c-b59deafb658d","summonerId":57898082,"tagLine":"TURK"},"eventType":"Create","uri":"/lol-game-client-chat/v2/buddies/5
[bridge] websocket <= [8,"OnJsonApiEvent",{"data":{"availability":"chat","discordId":null,"discordInfo":null,"discordOnlineStatus":null,"displayGroupId":0,"displayGroupName":"**Default","gameName":"Kaiju626","gameTag":"TUR
[bridge] websocket <= [8,"OnJsonApiEvent",{"data":{"accountId":209800932,"availability":"chat","discordId":null,"discordOnlineStatus":null,"gameName":"Kaiju626","gameTag":"TURK","icon":1094,"id":"516bde7e-9c14-599c-a07c-b5
[bridge] websocket <= [8,"OnJsonApiEvent",{"data":{"gameName":"chud sahur","puuid":"f8cf4927-eece-50b9-8eb9-68283e29cadf","summonerId":108109669,"tagLine":"tung"},"eventType":"Create","uri":"/lol-game-client-chat/v2/buddie
[bridge] websocket <= [8,"OnJsonApiEvent",{"data":{"availability":"chat","discordId":null,"discordInfo":null,"discordOnlineStatus":null,"displayGroupId":0,"displayGroupName":"**Default","gameName":"chud sahur","gameTag":"t
[bridge] websocket <= [8,"OnJsonApiEvent",{"data":{"md5":"8D79E3D186FCEA599CC461295D96C5A1"},"eventType":"Create","uri":"/lol-regalia/v2/summoners/108109669/regalia/async"}]
[bridge] websocket <= [8,"OnJsonApiEvent",{"data":{"accountId":240187864,"availability":"chat","discordId":null,"discordOnlineStatus":null,"gameName":"chud sahur","gameTag":"tung","icon":5912,"id":"f8cf4927-eece-50b9-8eb9-
[bridge] websocket <= [8,"OnJsonApiEvent",{"data":{"numFriends":110,"numFriendsAvailable":3,"numFriendsAway":0,"numFriendsInChampSelect":0,"numFriendsInGame":4,"numFriendsInQueue":0,"numFriendsMobile":4,"numFriendsOnline":
[bridge] websocket <= [8,"OnJsonApiEvent",{"data":{"action":"CheckingForUpdates","components":[{"action":"CheckingForUpdates","id":"lol_game_client_sln","isCorrupted":false,"isUpToDate":true,"isUpdateAvailable":false,"prog
[bridge] websocket <= [8,"OnJsonApiEvent",{"data":{"action":"CheckingForUpdates","components":[{"action":"CheckingForUpdates","id":"lol_game_client_sln","isCorrupted":false,"isUpToDate":true,"isUpdateAvailable":false,"prog
[bridge] websocket <= [8,"OnJsonApiEvent",{"data":{"action":"Idle","components":[{"action":"Idle","id":"lol_game_client_sln","isCorrupted":false,"isUpToDate":true,"isUpdateAvailable":false,"progress":null,"timeOfLastUpToDa
[bridge] websocket <= [8,"OnJsonApiEvent",{"data":{"action":"Idle","components":[{"action":"Idle","id":"lol_game_client_sln","isCorrupted":false,"isUpToDate":true,"isUpdateAvailable":false,"progress":null,"timeOfLastUpToDa
[bridge] websocket <= [8,"OnJsonApiEvent",{"data":{"availability":"chat","gameName":"Elektroney","gameTag":"Eight","icon":6793,"id":"b2cd46ed-87a8-5aeb-a092-89421545101d@eu1.pvp.net","lastSeenOnlineTimestamp":null,"lol":{"
[bridge] websocket <= [8,"OnJsonApiEvent",{"data":{"accountId":2046794905170656,"availability":"chat","discordId":null,"discordOnlineStatus":null,"gameName":"Elektroney","gameTag":"Eight","icon":6793,"id":"b2cd46ed-87a8-5a
[bridge] websocket <= [8,"OnJsonApiEvent",{"data":{"autoJoin":false,"autoJoinTeamVoice":false,"currentCaptureDeviceHandle":"Default System Device","inputMode":"voiceActivity","localMicMuted":false,"loopbackEnabled":false,"
[bridge] websocket <= [8,"OnJsonApiEvent",{"data":{"availability":"chat","gameName":"Elektroney","gameTag":"Eight","icon":6793,"id":"b2cd46ed-87a8-5aeb-a092-89421545101d@eu1.pvp.net","lastSeenOnlineTimestamp":null,"lol":{"
[bridge] websocket <= [8,"OnJsonApiEvent",{"data":{"availability":"chat","gameName":"Elektroney","gameTag":"Eight","icon":6793,"id":"b2cd46ed-87a8-5aeb-a092-89421545101d@eu1.pvp.net","lastSeenOnlineTimestamp":null,"lol":{"
[bridge] websocket <= [8,"OnJsonApiEvent",{"data":{"availability":"chat","gameName":"Elektroney","gameTag":"Eight","icon":6793,"id":"b2cd46ed-87a8-5aeb-a092-89421545101d@eu1.pvp.net","lastSeenOnlineTimestamp":null,"lol":{"
[bridge] websocket <= [8,"OnJsonApiEvent",{"data":{"availability":"chat","gameName":"Elektroney","gameTag":"Eight","icon":6793,"id":"b2cd46ed-87a8-5aeb-a092-89421545101d@eu1.pvp.net","lastSeenOnlineTimestamp":null,"lol":{"
[bridge] websocket <= [8,"OnJsonApiEvent",{"data":{"availability":"chat","gameName":"Elektroney","gameTag":"Eight","icon":6793,"id":"b2cd46ed-87a8-5aeb-a092-89421545101d@eu1.pvp.net","lastSeenOnlineTimestamp":null,"lol":{"
[bridge] websocket <= [8,"OnJsonApiEvent",{"data":{"availability":"chat","gameName":"Elektroney","gameTag":"Eight","icon":6793,"id":"b2cd46ed-87a8-5aeb-a092-89421545101d@eu1.pvp.net","lastSeenOnlineTimestamp":null,"lol":{"
